Code,Code,Uz,Ru,Eng,,,,Uz,Ru,Eng,,category 
emdoc-0010-0001,001,Tibbiy muassasaga kelganlarni qayd jurnali,"Журнал регистрации лиц, обратившихся в медицинское учреждение",Register of persons who visited (presented to) a medical facility,,,,001 Tibbiy muassasaga kelganlarni qayd jurnali,"001 Журнал регистрации лиц, обратившихся в медицинское учреждение",001 Register of persons who visited (presented to) a medical facility,,Журнал
emdoc-0010-0002,002,Chaqaloqlar bo‘limi xona jurnali,Журнал палат (отделения) новорождённых,Ward (room) register of the newborn unit,,,,002 Chaqaloqlar bo‘limi xona jurnali,002 Журнал палат (отделения) новорождённых,002 Ward (room) register of the newborn unit,,Журнал
emdoc-0010-0003,003,BEMORNING TIBBIY KARTASI №,Медицинская карта пациента №,Patient Medical Record №,,,,003 BEMORNING TIBBIY KARTASI №,003 Медицинская карта пациента №,003 Patient Medical Record №,,Мед. Карта
emdoc-0010-0004,003-1,Homiladorlikni vaqtidan oldin tugatish,Досрочное прерывание беременности,Early termination of pregnancy,,,,003-1 Homiladorlikni vaqtidan oldin tugatish,003-1 Досрочное прерывание беременности,003-1 Early termination of pregnancy,,Мед. Карта
emdoc-0010-0005,004,O‘tkazilgan narkozlarni qayd etish,Регистрация проведённых наркозов,Recording of administered anesthesia,,,,004 O‘tkazilgan narkozlarni qayd etish,004 Регистрация проведённых наркозов,004 Recording of administered anesthesia,,Журнал
emdoc-0010-0006,005,Narkoz varaqasi,Лист наркоза,Anesthesia record / Anesthesia sheet,,,,005 Narkoz varaqasi,005 Лист наркоза,005 Anesthesia record / Anesthesia sheet,,Бланк
emdoc-0010-0007,006,Reanimatsiya (xona) va intensiv terapiya,Реанимация (палата) и интенсивная терапия,Resuscitation (ICU room) and intensive care,,,,006 Reanimatsiya (xona) va intensiv terapiya,006 Реанимация (палата) и интенсивная терапия,006 Resuscitation (ICU room) and intensive care,,Мед. Карта
emdoc-0010-0008,007,Bemorning kelib-ketishi va shifoxonaning oʻrin fondini hisobga olib borish varaqasi,Лист учёта движения пациентов и коечного фонда больницы,Patient flow and hospital bed stock tracking sheet,,,,007 Bemorning kelib-ketishi va shifoxonaning oʻrin fondini hisobga olib borish varaqasi,007 Лист учёта движения пациентов и коечного фонда больницы,007 Patient flow and hospital bed stock tracking sheet,,Бланк
emdoc-0010-0009,008,Shifoxonadagi jarrohlik amaliyotini qayd etish,Регистрация хирургических операций в больнице,Recording of surgical operations in the hospital,,,,008 Shifoxonadagi jarrohlik amaliyotini qayd etish,008 Регистрация хирургических операций в больнице,008 Recording of surgical operations in the hospital,,Журнал
emdoc-0010-0010,009,Qon tarkibiy qismlari va preparatlari quyilishini hisobga olish jurnali,Журнал учёта переливания компонентов и препаратов крови,Logbook of transfusion of blood components and products,,,,009 Qon tarkibiy qismlari va preparatlari quyilishini hisobga olish jurnali,009 Журнал учёта переливания компонентов и препаратов крови,009 Logbook of transfusion of blood components and products,,Журнал
emdoc-0010-0011,009-1,Qon quyish komissiyasining xulosasi,Заключение комиссии по переливанию крови,Conclusion of the Blood Transfusion Committee,,,,009-1 Qon quyish komissiyasining xulosasi,009-1 Заключение комиссии по переливанию крови,009-1 Conclusion of the Blood Transfusion Committee,,Бланк
emdoc-0010-0012,009-2,Remo (Plazma) transfuziya bayoni,Протокол трансфузии ремо (плазмы),Remo (plasma) transfusion report,,,,009-2 Remo (Plazma) transfuziya bayoni,009-2 Протокол трансфузии ремо (плазмы),009-2 Remo (plasma) transfusion report,,Бланк
emdoc-0010-0013,009-3,Ortiq qolgan qon,Остаток крови,Remaining blood,,,,009-3 Ortiq qolgan qon,009-3 Остаток крови,009-3 Remaining blood,,Бланк
emdoc-0010-0014,009-4,Yaroqsiz qon komponentlarini yo‘q qilishni qayd etish jurnali,Журнал регистрации уничтожения непригодных компонентов крови,Logbook for recording the disposal of unsuitable blood components,,,,009-4 Yaroqsiz qon komponentlarini yo‘q qilishni qayd etish jurnali,009-4 Журнал регистрации уничтожения непригодных компонентов крови,009-4 Logbook for recording the disposal of unsuitable blood components,,Журнал
emdoc-0010-0015,010,Tug‘ruq bo‘limida tug‘ruqlarni qayd etish,Регистрация родов в родильном отделении,Registration of deliveries in the maternity department,,,,010 Tug‘ruq bo‘limida tug‘ruqlarni qayd etish,010 Регистрация родов в родильном отделении,010 Registration of deliveries in the maternity department,,Журнал
emdoc-0010-0016,096,Tug‘ruq tibbiy kartasi,Медицинская карта родов,Maternity (delivery) medical record,,,,096 Tug‘ruq tibbiy kartasi,096 Медицинская карта родов,096 Maternity (delivery) medical record,,Мед. Карта
emdoc-0010-0017,097,Chaqaloqning rivojlanishi tibbiy kartasi,Медицинская карта развития новорождённого,Newborn development medical record,,,,097 Chaqaloqning rivojlanishi tibbiy kartasi,097 Медицинская карта развития новорождённого,097 Newborn development medical record,,Мед. Карта
emdoc-0010-0018,103,Tug‘ilganlik guvohnomasini qayd etish jurnali,Журнал регистрации свидетельств о рождении,Birth certificate registration logbook,,,,103 Tug‘ilganlik guvohnomasini qayd etish jurnali,103 Журнал регистрации свидетельств о рождении,103 Birth certificate registration logbook,,Журнал
emdoc-0010-0019,106,O‘lim ma’lumotlarini qayd etish,Регистрация сведений о смерти,Registration of death information,,,,106 O‘lim ma’lumotlarini qayd etish,106 Регистрация сведений о смерти,106 Registration of death information,,Журнал
emdoc-0010-0020,106-2,Perinatal o‘lim guvohnomasini qayd etish,Регистрация свидетельства о перинатальной смерти,Perinatal death certificate register,,,,106-2 Perinatal o‘lim guvohnomasini qayd etish,106-2 Регистрация свидетельства о перинатальной смерти,106-2 Perinatal death certificate register,,Журнал
emdoc-0010-0021,103,Tug‘ilganlik haqida guvohnomasi,Свидетельство о рождении,Birth certificate,,,,103 Tug‘ilganlik haqida guvohnomasi,103 Свидетельство о рождении,103 Birth certificate,,Бланк
emdoc-0010-0022,106,O‘lim qayd etilganligik haqida guvohnomasi,Свидетельство о регистрации смерти,Death registration certificate,,,,106 O‘lim qayd etilganligik haqida guvohnomasi,106 Свидетельство о регистрации смерти,106 Death registration certificate,,Бланк
emdoc-0010-0023,106-2,Perinatal o‘lim guvohnomasi,Свидетельство о перинатальной смерти,Perinatal death certificate,,,,106-2 Perinatal o‘lim guvohnomasi,106-2 Свидетельство о перинатальной смерти,106-2 Perinatal death certificate,,Бланк
emdoc-0010-0024,023,Chaqiruvlarni qayd etish,Регистрация призывов на военную службу,Registration of military conscription calls,,,,023 Chaqiruvlarni qayd etish,023 Регистрация призывов на военную службу,023 Registration of military conscription calls,,Журнал
emdoc-0010-0025,024,Ambulatoriya-poliklinika muassasasiga kelganlarni qayd etish,Регистрация обратившихся в амбулаторно-поликлиническое учреждение,Register of visitors to an outpatient clinic,,,,024 Ambulatoriya-poliklinika muassasasiga kelganlarni qayd etish,024 Регистрация обратившихся в амбулаторно-поликлиническое учреждение,024 Register of visitors to an outpatient clinic,,Журнал
emdoc-0010-0026,024-1,Shifokorning kundalik qabuli,Дневник приёма врача,Physician daily log,,,,024-1 Shifokorning kundalik qabuli,024-1 Дневник приёма врача,024-1 Physician daily log,,Журнал
emdoc-0010-0027,024-2,Akusher-ginekologning (doya) kundalik qabuli,Дневник приёма акушера-гинеколога (акушерки),Obstetrician-gynecologist (midwife) daily log,,,,024-2 Akusher-ginekologning (doya) kundalik qabuli,024-2 Дневник приёма акушера-гинеколога (акушерки),024-2 Obstetrician-gynecologist (midwife) daily log,,Журнал
emdoc-0010-0028,024-3,Stomatolog kundalik qabuli,Дневник приёма стоматолога,Dentist daily log,,,,024-3 Stomatolog kundalik qabuli,024-3 Дневник приёма стоматолога,024-3 Dentist daily log,,Журнал
emdoc-0010-0029,024-4,Stomatolog ortoped va ortodont kundalik qabuli,Дневник приёма стоматолога-ортопеда и ортодонта,Prosthodontist and orthodontist daily log,,,,024-4 Stomatolog ortoped va ortodont kundalik qabuli,024-4 Дневник приёма стоматолога-ортопеда и ортодонта,024-4 Prosthodontist and orthodontist daily log,,Журнал
emdoc-0010-0030,025,Patsiyentning ambulator tibbiy kartasi,Амбулаторная медицинская карта пациента,Outpatient medical record,,,,025 Patsiyentning ambulator tibbiy kartasi,025 Амбулаторная медицинская карта пациента,025 Outpatient medical record,,Бланк
emdoc-0010-0031,025-1,Stomatolog ortoped va ortodont kartasi,Карта стоматолога-ортопеда и ортодонта,Prosthodontic and orthodontic record,,,,025-1 Stomatolog ortoped va ortodont kartasi,025-1 Карта стоматолога-ортопеда и ортодонта,025-1 Prosthodontic and orthodontic record,,Бланк
emdoc-0010-0032,030,Dispanser kuzatuv nazorat kartasi,Карта диспансерного наблюдения,Dispensary follow-up card,,,,030 Dispanser kuzatuv nazorat kartasi,030 Карта диспансерного наблюдения,030 Dispensary follow-up card,,Бланк
emdoc-0010-0033,030-1,Ruhiy kasalligi bor bemorning dispanser kartasi,Диспансерная карта пациента с психическим заболеванием,Dispensary card of a patient with mental illness,,,,030-1 Ruhiy kasalligi bor bemorning dispanser kartasi,030-1 Диспансерная карта пациента с психическим заболеванием,030-1 Dispensary card of a patient with mental illness,,Бланк
emdoc-0010-0034,030-2,Dispanser kuzatuv (onko) №,Диспансерное наблюдение (онко) №,Oncology dispensary follow-up №,,,,030-2 Dispanser kuzatuv (onko) №,030-2 Диспансерное наблюдение (онко) №,030-2 Oncology dispensary follow-up №,,Бланк
emdoc-0010-0035,030-3,Psihonevrologik muassasa dispanser ro‘yxatidan o‘chirilgan bemor uchun,"Для пациента, снятого с диспансерного учёта психоневрологического учреждения",For patient removed from psychoneurological dispensary registry,,,,030-3 Psihonevrologik muassasa dispanser ro‘yxatidan o‘chirilgan bemor uchun,"030-3 Для пациента, снятого с диспансерного учёта психоневрологического учреждения",030-3 For patient removed from psychoneurological dispensary registry,,Бланк
emdoc-0010-0036,030-4,Sil kasaliga qarshi kurashish muassasa kontingentini,Контингент противотуберкулёзного учреждения,TB facility contingent record,,,,030-4 Sil kasaliga qarshi kurashish muassasa kontingentini,030-4 Контингент противотуберкулёзного учреждения,030-4 TB facility contingent record,,Бланк
emdoc-0010-0037,035,Shifokor maslahat komissiyasi xulosalarini qayd etish,Регистрация заключений врачебной консультативной комиссии,Register of medical consultation committee conclusions,,,,035 Shifokor maslahat komissiyasi xulosalarini qayd etish,035 Регистрация заключений врачебной консультативной комиссии,035 Register of medical consultation committee conclusions,,Журнал
emdoc-0010-0038,035-1,Mehnatga layoqatsizlik varog‘ini uzaytirishni qayd etish,Регистрация продления листка нетрудоспособности,Register of sick-leave extension,,,,035-1 Mehnatga layoqatsizlik varog‘ini uzaytirishni qayd etish,035-1 Регистрация продления листка нетрудоспособности,035-1 Register of sick-leave extension,,Журнал
emdoc-0010-0039,037,Yo‘llanma almashish varaqasi,Направление-обменный лист,Referral exchange form,,,,037 Yo‘llanma almashish varaqasi,037 Направление-обменный лист,037 Referral exchange form,,Бланк
emdoc-0010-0040,037-1,“Ona va bola skrining” markazida prenatal tekshiruvdan o‘tishga yo‘llanma,Направление на прохождение пренатального обследования в центре «Мать и дитя (скрининг)»,Referral for prenatal screening at the “Mother and Child Screening” Center,,,,037-1 “Ona va bola skrining” markazida prenatal tekshiruvdan o‘tishga yo‘llanma,037-1 Направление на прохождение пренатального обследования в центре «Мать и дитя (скрининг)»,037-1 Referral for prenatal screening at the “Mother and Child Screening” Center,,Бланк
emdoc-0010-0041,043,Tibbiy ma’lumotnoma (chet el fuqarolari uchun),Медицинская справка (для иностранных граждан),Medical certificate (for foreign citizens),,,,043 Tibbiy ma’lumotnoma (chet el fuqarolari uchun),043 Медицинская справка (для иностранных граждан),043 Medical certificate (for foreign citizens),,Бланк
emdoc-0010-0042,044,Xorijga ketayotganlar uchun tibbiy ma’lumotnoma,Медицинская справка для выезжающих за границу,Medical certificate for travelers abroad,,,,044 Xorijga ketayotganlar uchun tibbiy ma’lumotnoma,044 Медицинская справка для выезжающих за границу,044 Medical certificate for travelers abroad,,Бланк
emdoc-0010-0043,051,Oila hamshirasining kundalik faoliyati,Дневник работы семейной медсестры,Family nurse daily log,,,,051 Oila hamshirasining kundalik faoliyati,051 Дневник работы семейной медсестры,051 Family nurse daily log,,Журнал
emdoc-0010-0044,053,Harbiy xizmatga chaqiriluvchining davolanish kartasi,Карта лечения призывника,Treatment card of military conscript,,,,053 Harbiy xizmatga chaqiriluvchining davolanish kartasi,053 Карта лечения призывника,053 Treatment card of military conscript,,Бланк
emdoc-0010-0045,056,Shaxsning aqldan ozganligi to‘g‘risidagi,Справка о признании лица недееспособным (невменяемым),Certificate of legal incapacity (insanity),,,,056 Shaxsning aqldan ozganligi to‘g‘risidagi,056 Справка о признании лица недееспособным (невменяемым),056 Certificate of legal incapacity (insanity),,Бланк
emdoc-0010-0046,061,Jismoniy tarbiya va sportchining shifokorlik nazorat kartasi,Карта врачебного контроля физкультуры и спортсмена,Medical supervision card for physical education and athletes,,,,061 Jismoniy tarbiya va sportchining shifokorlik nazorat kartasi,061 Карта врачебного контроля физкультуры и спортсмена,061 Medical supervision card for physical education and athletes,,Бланк
emdoc-0010-0047,063,Profilaktik emlash kartasi,Карта профилактических прививок,Vaccination card,,,,063 Profilaktik emlash kartasi,063 Карта профилактических прививок,063 Vaccination card,,Бланк
emdoc-0010-0048,064,Emlashni qayd etish,Регистрация вакцинации,Vaccination register,,,,064 Emlashni qayd etish,064 Регистрация вакцинации,064 Vaccination register,,Журнал
emdoc-0010-0049,069,Ambulator operatsiyalarni qayd etish,Регистрация амбулаторных операций,Register of outpatient surgeries,,,,069 Ambulator operatsiyalarni qayd etish,069 Регистрация амбулаторных операций,069 Register of outpatient surgeries,,Журнал
emdoc-0010-0050,072,Sanator-kurort karta,Санаторно-курортная карта,Sanatorium-resort card,,,,072 Sanator-kurort karta,072 Санаторно-курортная карта,072 Sanatorium-resort card,,Бланк
emdoc-0010-0051,072-1,Sanator-kurort davolanish uchun ma’lumotnoma,Справка для санаторно-курортного лечения,Certificate for sanatorium-resort treatment,,,,072-1 Sanator-kurort davolanish uchun ma’lumotnoma,072-1 Справка для санаторно-курортного лечения,072-1 Certificate for sanatorium-resort treatment,,Бланк
emdoc-0010-0052,080,Tibbiy moneliklarni ro‘yxatga olish,Регистрация медицинских противопоказаний,Registration of medical contraindications,,,,080 Tibbiy moneliklarni ro‘yxatga olish,080 Регистрация медицинских противопоказаний,080 Registration of medical contraindications,,Журнал
emdoc-0010-0053,083,Davlat avtoinspeksiyasiga topshirish uchun tibbiy ma’lumotnoma,Медицинская справка для предоставления в Государственную автоинспекцию,Medical certificate for submission to the State Traffic Police,,,,083 Davlat avtoinspeksiyasiga topshirish uchun tibbiy ma’lumotnoma,083 Медицинская справка для предоставления в Государственную автоинспекцию,083 Medical certificate for submission to the State Traffic Police,,Бланк
emdoc-0010-0054,083-1,Haydovchi va haydovchilikka davogarlarni avtotransport va shahar elektrotransport boshqarishga yaroqliligini aniqlovchi tibbiy komissiya koʻrigi,Медицинский комиссионный осмотр для определения пригодности водителей и кандидатов в водители к управлению автомобильным и городским электротранспортом,Medical commission examination to determine the fitness of drivers and driver candidates to operate motor vehicles and urban electric transport,,,,083-1 Haydovchi va haydovchilikka davogarlarni avtotransport va shahar elektrotransport boshqarishga yaroqliligini aniqlovchi tibbiy komissiya koʻrigi,083-1 Медицинский комиссионный осмотр для определения пригодности водителей и кандидатов в водители к управлению автомобильным и городским электротранспортом,083-1 Medical commission examination to determine the fitness of drivers and driver candidates to operate motor vehicles and urban electric transport,,Бланк
emdoc-0010-0055,086,"Tibbiy ma’lumotnoma (Maslahatchi shifokor mutaxassisining tibbiy xulosasi) Oliy oʻquv yurtlari, litsey, kollejlarga kiruvchi abituriyentlar, sportchilar va ishga kiruvchilar uchun toʻldiriladi","Медицинская справка (заключение врача-специалиста) Заполняется для абитуриентов высших учебных заведений, лицеев, колледжей, спортсменов и лиц, поступающих на работу","Medical certificate (specialist physician conclusion) To be completed for applicants to higher education institutions, lyceums, colleges, athletes, and job applicants",,,,"086 Tibbiy ma’lumotnoma (Maslahatchi shifokor mutaxassisining tibbiy xulosasi) Oliy oʻquv yurtlari, litsey, kollejlarga kiruvchi abituriyentlar, sportchilar va ishga kiruvchilar uchun toʻldiriladi","086 Медицинская справка (заключение врача-специалиста) Заполняется для абитуриентов высших учебных заведений, лицеев, колледжей, спортсменов и лиц, поступающих на работу","086 Medical certificate (specialist physician conclusion) To be completed for applicants to higher education institutions, lyceums, colleges, athletes, and job applicants",,Бланк
emdoc-0010-0056,086-1,Tibbiy ma’lumotnoma (Maslahatchi shifokor mutaxassisining tibbiy xulosasi) Sudyalik lavozimiga tayinlanadigan nomzodlar uchun toʻldiriladi,"Медицинская справка (заключение врача-специалиста) Заполняется для кандидатов, назначаемых на должность судьи",Medical certificate (specialist physician conclusion) To be completed for candidates appointed to judicial positions,,,,086-1 Tibbiy ma’lumotnoma (Maslahatchi shifokor mutaxassisining tibbiy xulosasi) Sudyalik lavozimiga tayinlanadigan nomzodlar uchun toʻldiriladi,"086-1 Медицинская справка (заключение врача-специалиста) Заполняется для кандидатов, назначаемых на должность судьи",086-1 Medical certificate (specialist physician conclusion) To be completed for candidates appointed to judicial positions,,Бланк
emdoc-0010-0057,086-2,"Tibbiy ma’lumotnoma (Maslahatchi shifokor mutaxassislarining tibbiy xulosasi) Muruvvat, Saxovat hamda Urush va mehnat faxriylari pansionatlariga yuboriladigan barcha qariyalar, nogironlik belgilangan shaxslar uchun toʻldiriladi","Медицинская справка (заключения врачей-специалистов) Заполняется для всех пожилых лиц и лиц с установленной инвалидностью, направляемых в пансионаты «Мурувват», «Саховат», а также пансионаты для ветеранов войны и труда","Medical certificate (multiple specialists’ conclusions) To be completed for all elderly persons and persons with certified disability referred to “Muruvvat”, “Sakhovat”, and War and Labor Veterans’ boarding homes",,,,"086-2 Tibbiy ma’lumotnoma (Maslahatchi shifokor mutaxassislarining tibbiy xulosasi) Muruvvat, Saxovat hamda Urush va mehnat faxriylari pansionatlariga yuboriladigan barcha qariyalar, nogironlik belgilangan shaxslar uchun toʻldiriladi","086-2 Медицинская справка (заключения врачей-специалистов) Заполняется для всех пожилых лиц и лиц с установленной инвалидностью, направляемых в пансионаты «Мурувват», «Саховат», а также пансионаты для ветеранов войны и труда","086-2 Medical certificate (multiple specialists’ conclusions) To be completed for all elderly persons and persons with certified disability referred to “Muruvvat”, “Sakhovat”, and War and Labor Veterans’ boarding homes",,Бланк
emdoc-0010-0058,086-3,Shifokor maslahat komissiya ma’lumotnomasi,Справка врачебной консультативной комиссии,Medical consultation committee certificate,,,,086-3 Shifokor maslahat komissiya ma’lumotnomasi,086-3 Справка врачебной консультативной комиссии,086-3 Medical consultation committee certificate,,Бланк
emdoc-0010-0059,086-4,Sog'lomlashtiruvchi lagerga ketayotgan o‘quvchining tibbiy ma’lumoti.,"Медсправка учащегося, направляемого в оздоровительный лагерь",Medical certificate for student going to health camp,,,,086-4 Sog'lomlashtiruvchi lagerga ketayotgan o‘quvchining tibbiy ma’lumoti.,"086-4 Медсправка учащегося, направляемого в оздоровительный лагерь",086-4 Medical certificate for student going to health camp,,Бланк
emdoc-0010-0060,089,"Hayotida birinchi bor faol sil, JAOYUK (tanosil kasalligi), trixofitiya, mikrosporiya","Первичное выявление активного туберкулёза, ИППП, трихофитии, микроспории","First-time detection of active TB, STIs, trichophytia, microsporia",,,,"089 Hayotida birinchi bor faol sil, JAOYUK (tanosil kasalligi), trixofitiya, mikrosporiya","089 Первичное выявление активного туберкулёза, ИППП, трихофитии, микроспории","089 First-time detection of active TB, STIs, trichophytia, microsporia",,Бланк
emdoc-0010-0061,090,Hayotida birinchi bor saraton kasalligi yoki boshqa yomon sifatli o‘sma,Первичное выявление рака или другого злокачественного новообразования,First-time detection of cancer or other malignant tumor,,,,090 Hayotida birinchi bor saraton kasalligi yoki boshqa yomon sifatli o‘sma,090 Первичное выявление рака или другого злокачественного новообразования,090 First-time detection of cancer or other malignant tumor,,Бланк
emdoc-0010-0062,091,Hayotida birinchi marta narkomaniya tashxisi aniqlangan bemor haqida xabar,Извещение о впервые выявленном случае наркомании,Notification of first-time diagnosed drug addiction,,,,091 Hayotida birinchi marta narkomaniya tashxisi aniqlangan bemor haqida xabar,091 Извещение о впервые выявленном случае наркомании,091 Notification of first-time diagnosed drug addiction,,Бланк
emdoc-0010-0063,111,Homilador va tuqqan ayolning individual kartasi,Индивидуальная карта беременной и родильницы,Individual card of pregnant and postpartum woman,,,,111 Homilador va tuqqan ayolning individual kartasi,111 Индивидуальная карта беременной и родильницы,111 Individual card of pregnant and postpartum woman,,Бланк
emdoc-0010-0064,059,"Katta hamshira yoki laborantkaning byudjet hisobiga olgan dori vosita, diagnostikum, reaktiv va tibbiy buyumlarni miqdoriy hisobga olish","Количественный учёт лекарств, диагностических средств, реактивов и медизделий, полученных старшей медсестрой/лаборантом за счёт бюджета","Quantitative accounting of medicines, diagnostics, reagents and medical supplies received by the senior nurse/lab technician from the budget",,,,"059 Katta hamshira yoki laborantkaning byudjet hisobiga olgan dori vosita, diagnostikum, reaktiv va tibbiy buyumlarni miqdoriy hisobga olish","059 Количественный учёт лекарств, диагностических средств, реактивов и медизделий, полученных старшей медсестрой/лаборантом за счёт бюджета","059 Quantitative accounting of medicines, diagnostics, reagents and medical supplies received by the senior nurse/lab technician from the budget",,Журнал
emdoc-0010-0065,066,Shifoxonadan chiqarilganlarning statistik kartasi,Статистическая карта выписанного из стационара (форма 066),Statistical card of discharged patient (Form 066),,,,066 Shifoxonadan chiqarilganlarning statistik kartasi,066 Статистическая карта выписанного из стационара (форма 066),066 Statistical card of discharged patient (Form 066),,Бланк
emdoc-0010-0066,011,Gemodializ seansini qayd qilish kartasi,Карта регистрации сеанса гемодиализа,Hemodialysis session record card,,,,011 Gemodializ seansini qayd qilish kartasi,011 Карта регистрации сеанса гемодиализа,011 Hemodialysis session record card,,Бланк
emdoc-0010-0067,012-1,Kolonoskopiya bayoni,Протокол колоноскопии,Colonoscopy report,,,,012-1 Kolonoskopiya bayoni,012-1 Протокол колоноскопии,012-1 Colonoscopy report,,Бланк
emdoc-0010-0068,012,Kolonoskopik tekshiruvlarni qayd qilish,Журнал регистрации колоноскопических исследований,Register of colonoscopic examinations,,,,012 Kolonoskopik tekshiruvlarni qayd qilish,012 Журнал регистрации колоноскопических исследований,012 Register of colonoscopic examinations,,Журнал
emdoc-0010-0069,013,Spirometriya,Спирометрия,Spirometry,,,,013 Spirometriya,013 Спирометрия,013 Spirometry,,Бланк
emdoc-0010-0070,014,Nur bilan davolashni qayd qilish,Регистрация светолечения,Phototherapy register,,,,014 Nur bilan davolashni qayd qilish,014 Регистрация светолечения,014 Phototherapy register,,Журнал
emdoc-0010-0071,015,Ultratovush tekshiruvlarini qayd etish,Журнал регистрации УЗИ,Ultrasound examination register,,,,015 Ultratovush tekshiruvlarini qayd etish,015 Журнал регистрации УЗИ,015 Ultrasound examination register,,Журнал
emdoc-0010-0072,015-1,Quloq oldi bezining UTT bayoni,Протокол УЗИ околоушной железы,Parotid gland ultrasound report,,,,015-1 Quloq oldi bezining UTT bayoni,015-1 Протокол УЗИ околоушной железы,015-1 Parotid gland ultrasound report,,Бланк
emdoc-0010-0073,015-2,Qalqonsimon bezining UTT bayoni,Протокол УЗИ щитовидной железы,Thyroid ultrasound report,,,,015-2 Qalqonsimon bezining UTT bayoni,015-2 Протокол УЗИ щитовидной железы,015-2 Thyroid ultrasound report,,Бланк
emdoc-0010-0074,015-3,Sut bezlarining UTT bayoni,Протокол УЗИ молочных желёз,Breast ultrasound report,,,,015-3 Sut bezlarining UTT bayoni,015-3 Протокол УЗИ молочных желёз,015-3 Breast ultrasound report,,Бланк
emdoc-0010-0075,015-4,Ayirisimon bezining UTT bayoni,Протокол УЗИ вилочковой железы,Thymus ultrasound report,,,,015-4 Ayirisimon bezining UTT bayoni,015-4 Протокол УЗИ вилочковой железы,015-4 Thymus ultrasound report,,Бланк
emdoc-0010-0076,015-5,Buyrak usti bezining UTT bayoni,Протокол УЗИ надпочечников,Adrenal ultrasound report,,,,015-5 Buyrak usti bezining UTT bayoni,015-5 Протокол УЗИ надпочечников,015-5 Adrenal ultrasound report,,Бланк
emdoc-0010-0077,015-6,Oshqozon-ichak tizimining UTT bayoni,Протокол УЗИ ЖКТ,Gastrointestinal ultrasound report,,,,015-6 Oshqozon-ichak tizimining UTT bayoni,015-6 Протокол УЗИ ЖКТ,015-6 Gastrointestinal ultrasound report,,Бланк
emdoc-0010-0078,015-7,Neyrosonografik tekshiruv bayoni,Протокол нейросонографии,Neurosonography report,,,,015-7 Neyrosonografik tekshiruv bayoni,015-7 Протокол нейросонографии,015-7 Neurosonography report,,Бланк
emdoc-0010-0079,015-8,Siydik pufagi UTT bayoni,Протокол УЗИ мочевого пузыря,Bladder ultrasound report,,,,015-8 Siydik pufagi UTT bayoni,015-8 Протокол УЗИ мочевого пузыря,015-8 Bladder ultrasound report,,Бланк
emdoc-0010-0080,015-9,Prostata bezi va urug‘ pufakchasining UTT bayoni,Протокол УЗИ простаты и семенных пузырьков,Prostate and seminal vesicles ultrasound report,,,,015-9 Prostata bezi va urug‘ pufakchasining UTT bayoni,015-9 Протокол УЗИ простаты и семенных пузырьков,015-9 Prostate and seminal vesicles ultrasound report,,Бланк
emdoc-0010-0081,015-10,Yo‘g‘on ichak UTT bayoni,Протокол УЗИ толстого кишечника,Colon ultrasound report,,,,015-10 Yo‘g‘on ichak UTT bayoni,015-10 Протокол УЗИ толстого кишечника,015-10 Colon ultrasound report,,Бланк
emdoc-0010-0082,015-11,Yurakning UTT bayoni,Протокол УЗИ сердца (эхокардиография),Cardiac ultrasound (Echo) report,,,,015-11 Yurakning UTT bayoni,015-11 Протокол УЗИ сердца (эхокардиография),015-11 Cardiac ultrasound (Echo) report,,Бланк
emdoc-0010-0083,015-12,Fonokardiogramma,Фонокардиограмма,Phonocardiogram,,,,015-12 Fonokardiogramma,015-12 Фонокардиограмма,015-12 Phonocardiogram,,Бланк
emdoc-0010-0084,015-13,Sado-kardiografiya,Звуковая кардиография,Sound cardiography,,,,015-13 Sado-kardiografiya,015-13 Звуковая кардиография,015-13 Sound cardiography,,Бланк
emdoc-0010-0085,015-14,Kichik chanoq a’zolari UTT bayoni,Протокол УЗИ органов малого таза,Pelvic ultrasound report,,,,015-14 Kichik chanoq a’zolari UTT bayoni,015-14 Протокол УЗИ органов малого таза,015-14 Pelvic ultrasound report,,Бланк
emdoc-0010-0086,015-15,Tos-son bo‘g‘imining ultratovush tekshiruvi,УЗИ тазобедренного сустава,Hip joint ultrasound,,,,015-15 Tos-son bo‘g‘imining ultratovush tekshiruvi,015-15 УЗИ тазобедренного сустава,015-15 Hip joint ultrasound,,Бланк
emdoc-0010-0087,015-16,Jigar va o‘t pufagi UTT bayoni,Протокол УЗИ печени и желчного пузыря,Liver and gallbladder ultrasound report,,,,015-16 Jigar va o‘t pufagi UTT bayoni,015-16 Протокол УЗИ печени и желчного пузыря,015-16 Liver and gallbladder ultrasound report,,Бланк
emdoc-0010-0088,015-17,Taloqning UTT bayoni,Протокол УЗИ селезёнки,Spleen ultrasound report,,,,015-17 Taloqning UTT bayoni,015-17 Протокол УЗИ селезёнки,015-17 Spleen ultrasound report,,Бланк
emdoc-0010-0089,015-18,Buyrakning UTT bayoni,Протокол УЗИ почек,Kidney ultrasound report,,,,015-18 Buyrakning UTT bayoni,015-18 Протокол УЗИ почек,015-18 Kidney ultrasound report,,Бланк
emdoc-0010-0090,015-19,Oshqozon osti bezi UTT bayoni,Протокол УЗИ поджелудочной железы,Pancreas ultrasound report,,,,015-19 Oshqozon osti bezi UTT bayoni,015-19 Протокол УЗИ поджелудочной железы,015-19 Pancreas ultrasound report,,Бланк
emdoc-0010-0091,015-20,Limfa-uzel UTT tekshiruv bayoni,Протокол УЗИ лимфоузлов,Lymph node ultrasound report,,,,015-20 Limfa-uzel UTT tekshiruv bayoni,015-20 Протокол УЗИ лимфоузлов,015-20 Lymph node ultrasound report,,Бланк
emdoc-0010-0092,015-21,Ko‘zning UTT tekshiruv bayoni,Протокол УЗИ глаза,Eye ultrasound report,,,,015-21 Ko‘zning UTT tekshiruv bayoni,015-21 Протокол УЗИ глаза,015-21 Eye ultrasound report,,Бланк
emdoc-0010-0093,015-22,Bosh miyaning UTT tekshiruv bayoni,Протокол УЗИ головного мозга,Brain ultrasound report,,,,015-22 Bosh miyaning UTT tekshiruv bayoni,015-22 Протокол УЗИ головного мозга,015-22 Brain ultrasound report,,Бланк
emdoc-0010-0094,015-23,ELEKTROENSEFALOGRAFIYA,Электроэнцефалография,Electroencephalography (EEG),,,,015-23 ELEKTROENSEFALOGRAFIYA,015-23 Электроэнцефалография,015-23 Electroencephalography (EEG),,Бланк
emdoc-0010-0095,015-24,Reoensefalografiya,Реоэнцефалография,Rheoencephalography,,,,015-24 Reoensefalografiya,015-24 Реоэнцефалография,015-24 Rheoencephalography,,Бланк
emdoc-0010-0096,015-25,Sadoensefalgrafiya,Звуковая энцефалография,Echoencephalography,,,,015-25 Sadoensefalgrafiya,015-25 Звуковая энцефалография,015-25 Echoencephalography,,Бланк
emdoc-0010-0097,015-26,Braxiosefal arteriyalarning ultratovush dopplerografiyasi,УЗ-допплерография брахиоцефальных артерий,Doppler ultrasound of brachiocephalic arteries,,,,015-26 Braxiosefal arteriyalarning ultratovush dopplerografiyasi,015-26 УЗ-допплерография брахиоцефальных артерий,015-26 Doppler ultrasound of brachiocephalic arteries,,Бланк
emdoc-0010-0098,016,Oftalmoskopiyani qayd etish,Журнал офтальмоскопии,Ophthalmoscopy register,,,,016 Oftalmoskopiyani qayd etish,016 Журнал офтальмоскопии,016 Ophthalmoscopy register,,Журнал
emdoc-0010-0099,017,Rentgen,Рентген,X-ray,,,,017 Rentgen,017 Рентген,017 X-ray,,Журнал
emdoc-0010-0100,018,EXO va EEG tekshiruvlarini qayd etish,Регистрация Эхо и ЭЭГ исследований,Register of Echo and EEG examinations,,,,018 EXO va EEG tekshiruvlarini qayd etish,018 Регистрация Эхо и ЭЭГ исследований,018 Register of Echo and EEG examinations,,Журнал
emdoc-0010-0101,019,Kompyuter tomografiyasi (KT) va MRT qayd etish,Регистрация КТ и МРТ исследований,Register of CT and MRI examinations,,,,019 Kompyuter tomografiyasi (KT) va MRT qayd etish,019 Регистрация КТ и МРТ исследований,019 Register of CT and MRI examinations,,Журнал
emdoc-0010-0102,020,EKG tekshiruvlarini qayd etish,Журнал регистрации ЭКГ,ECG examination register,,,,020 EKG tekshiruvlarini qayd etish,020 Журнал регистрации ЭКГ,020 ECG examination register,,Журнал
emdoc-0010-0103,021,Veloergometriya tekshiruvlarini qayd etish,Регистрация велоэргометрии,Veloergometry register,,,,021 Veloergometriya tekshiruvlarini qayd etish,021 Регистрация велоэргометрии,021 Veloergometry register,,Журнал
emdoc-0010-0104,022,"Audiokopiya, otoskopiya tekshiruvlarini qayd etish",Регистрация аудиометрии и отоскопии,Audiometry and otoscopy register,,,,"022 Audiokopiya, otoskopiya tekshiruvlarini qayd etish",022 Регистрация аудиометрии и отоскопии,022 Audiometry and otoscopy register,,Журнал
emdoc-0010-0105,026,Ezofagogastroduodenoskopik (EFGDS) tekshiruvlarni qayd etish,Регистрация ЭФГДС,EFGDS (gastroscopy) register,,,,026 Ezofagogastroduodenoskopik (EFGDS) tekshiruvlarni qayd etish,026 Регистрация ЭФГДС,026 EFGDS (gastroscopy) register,,Журнал
emdoc-0010-0106,027,Tibbiy muassasadagi bemorning tibbiy bayonnomasidan ko‘chirma,Выписка из медицинской карты стационарного пациента,Extract from inpatient medical record,,,,027 Tibbiy muassasadagi bemorning tibbiy bayonnomasidan ko‘chirma,027 Выписка из медицинской карты стационарного пациента,027 Extract from inpatient medical record,,Бланк
emdoc-0010-0107,027-1,Yomon sifatli o‘sma xastaligi bor shifoxona bemorining tibbiy kartasidan,Из медицинской карты стационарного пациента с заболеванием злокачественной опухолью,From the medical record of an inpatient with malignant neoplasm,,,,027-1 Yomon sifatli o‘sma xastaligi bor shifoxona bemorining tibbiy kartasidan,027-1 Из медицинской карты стационарного пациента с заболеванием злокачественной опухолью,027-1 From the medical record of an inpatient with malignant neoplasm,,Бланк
emdoc-0010-0108,028,Yomon sifatli o‘sma,Злокачественное новообразование,Malignant neoplasm,,,,028 Yomon sifatli o‘sma,028 Злокачественное новообразование,028 Malignant neoplasm,,Бланк
emdoc-0010-0109,029,Muolaja xonasida qon namunalarini olishni qayd qilish,Журнал забора крови в процедурном кабинете,Blood sampling register,,,,029 Muolaja xonasida qon namunalarini olishni qayd qilish,029 Журнал забора крови в процедурном кабинете,029 Blood sampling register,,Журнал
emdoc-0010-0110,031,Fizioterapiya hamshirasining kundalik qabuli,Дневник приёма медсестры физиотерапии,Physiotherapy nurse daily log,,,,031 Fizioterapiya hamshirasining kundalik qabuli,031 Дневник приёма медсестры физиотерапии,031 Physiotherapy nurse daily log,,Журнал
emdoc-0010-0111,031-1,Fizioterapiya bo‘limida (xonada) davolanayotgan bemor KARTASI,"Карта пациента, проходящего лечение в физиокабинете",Physiotherapy patient card,,,,031-1 Fizioterapiya bo‘limida (xonada) davolanayotgan bemor KARTASI,"031-1 Карта пациента, проходящего лечение в физиокабинете",031-1 Physiotherapy patient card,,Бланк
emdoc-0010-0112,032,Tibbiy jihoz va asbob-uskunalarni zararsizlantirishni,Журнал обеззараживания медоборудования,Medical equipment decontamination log,,,,032 Tibbiy jihoz va asbob-uskunalarni zararsizlantirishni,032 Журнал обеззараживания медоборудования,032 Medical equipment decontamination log,,Журнал
emdoc-0010-0113,033,Asbob-uskunalarni qabul qilish va zararsizlantirish,Журнал приёма и обеззараживания инструментов,Instrument acceptance & decontamination log,,,,033 Asbob-uskunalarni qabul qilish va zararsizlantirish,033 Журнал приёма и обеззараживания инструментов,033 Instrument acceptance & decontamination log,,Журнал
emdoc-0010-0114,034,Laborator tekshiruvlarni qayd etish,Журнал лабораторных исследований ,Laboratory tests register,,,,034 Laborator tekshiruvlarni qayd etish,034 Журнал лабораторных исследований ,034 Laboratory tests register,,Журнал
emdoc-0010-0115,036,Mehnatga layoqatsizlik varog‘ini,Листок нетрудоспособности,Sick leave form,,,,036 Mehnatga layoqatsizlik varog‘ini,036 Листок нетрудоспособности,036 Sick leave form,,Журнал
emdoc-0010-0116,036-1,Taʼlim olayotgan shaxslar uchun mehnatga layoqatsizlik varogʻini qayd etish,Регистрация листков нетрудоспособности для обучающихся,Registration of sick-leave certificates for students,,,,036-1 Taʼlim olayotgan shaxslar uchun mehnatga layoqatsizlik varogʻini qayd etish,036-1 Регистрация листков нетрудоспособности для обучающихся,036-1 Registration of sick-leave certificates for students,,Журнал
emdoc-0010-0117,036-2,Bemor bolani parvarishlash uchun mehnatga layoqatsizlik varogʻini qayd etish,Регистрация листков нетрудоспособности по уходу за больным ребёнком,Registration of sick-leave certificates for care of a sick child,,,,036-2 Bemor bolani parvarishlash uchun mehnatga layoqatsizlik varogʻini qayd etish,036-2 Регистрация листков нетрудоспособности по уходу за больным ребёнком,036-2 Registration of sick-leave certificates for care of a sick child,,Журнал
emdoc-0010-0118,036-3,Mastlik holati boʻyicha mehnatga layoqatsizlik varogʻini qayd etish,Регистрация листков нетрудоспособности по случаю опьянения,Registration of sick-leave certificates related to intoxication,,,,036-3 Mastlik holati boʻyicha mehnatga layoqatsizlik varogʻini qayd etish,036-3 Регистрация листков нетрудоспособности по случаю опьянения,036-3 Registration of sick-leave certificates related to intoxication,,Журнал
emdoc-0010-0119,038,Tibbiyot xodimlarining aholi oʻrtasida sogʻlom turmush tarzini shakllantirish boʻyicha oʻtkazgan tadbirlarini qayd etish,Регистрация мероприятий медицинских работников по формированию здорового образа жизни среди населения,Registration of activities conducted by medical workers to promote a healthy lifestyle among the population,,,,038 Tibbiyot xodimlarining aholi oʻrtasida sogʻlom turmush tarzini shakllantirish boʻyicha oʻtkazgan tadbirlarini qayd etish,038 Регистрация мероприятий медицинских работников по формированию здорового образа жизни среди населения,038 Registration of activities conducted by medical workers to promote a healthy lifestyle among the population,,Журнал
emdoc-0010-0120,039-1,"Shifokor stomatologning stomatologiya shifoxonasi, boʻlim va xona ishlari yuzasidan YIGʻMA MAʼLUMOTI","Сводная информация врача-стоматолога о работе стоматологической больницы, отделения и кабинета","Consolidated report of the dentist on the activities of the dental hospital, department and office",,,,"039-1 Shifokor stomatologning stomatologiya shifoxonasi, boʻlim va xona ishlari yuzasidan YIGʻMA MAʼLUMOTI","039-1 Сводная информация врача-стоматолога о работе стоматологической больницы, отделения и кабинета","039-1 Consolidated report of the dentist on the activities of the dental hospital, department and office",,Журнал
emdoc-0010-0121,039,"Ambulator–poliklinika muassasalariga, uylarga vrach qatnovlarini qayd etish bildirishnomasi",Уведомление (ведомость) о регистрации выездов врача в амбулаторно-поликлинические учреждения и на дом,Notification (statement) on the registration of doctor visits to outpatient clinics and home visits,,,,"039 Ambulator–poliklinika muassasalariga, uylarga vrach qatnovlarini qayd etish bildirishnomasi",039 Уведомление (ведомость) о регистрации выездов врача в амбулаторно-поликлинические учреждения и на дом,039 Notification (statement) on the registration of doctor visits to outpatient clinics and home visits,,Журнал
emdoc-0010-0122,040,Qonning umumiy tahlili,Общий анализ крови,Complete blood count (CBC),,,,040 Qonning umumiy tahlili,040 Общий анализ крови,040 Complete blood count (CBC),,Бланк
emdoc-0010-0123,041,Rez-us faktor va qon guruhi,Резус-фактор и группа крови,Blood group and Rh factor,,,,041 Rez-us faktor va qon guruhi,041 Резус-фактор и группа крови,041 Blood group and Rh factor,,Бланк
emdoc-0010-0124,042,Qon ivish vaqti tahlili,Анализ времени свёртывания крови,Blood clotting time test,,,,042 Qon ivish vaqti tahlili,042 Анализ времени свёртывания крови,042 Blood clotting time test,,Бланк
emdoc-0010-0125,045,Antirabik yordamga murojaat qilgan bemorlarni qayd etish,Регистрация обращений за антирабической помощью,Register of anti-rabies care cases,,,,045 Antirabik yordamga murojaat qilgan bemorlarni qayd etish,045 Регистрация обращений за антирабической помощью,045 Register of anti-rabies care cases,,Бланк
emdoc-0010-0126,046,Beshlik qon tahlili,Пятерной анализ крови,Five-parameter blood test,,,,046 Beshlik qon tahlili,046 Пятерной анализ крови,046 Five-parameter blood test,,Бланк
emdoc-0010-0127,047,Koagulogramma,Коагулограмма,Coagulogram,,,,047 Koagulogramma,047 Коагулограмма,047 Coagulogram,,Бланк
emdoc-0010-0128,048,Qonning bikimyoviy tahlili,Биохимический анализ крови,Blood biochemistry panel,,,,048 Qonning bikimyoviy tahlili,048 Биохимический анализ крови,048 Blood biochemistry panel,,Бланк
emdoc-0010-0129,049,Qondagi gormonlarni tekshirish,Проверка гормонов в крови,Blood hormone tests,,,,049 Qondagi gormonlarni tekshirish,049 Проверка гормонов в крови,049 Blood hormone tests,,Бланк
emdoc-0010-0130,050,Qon zardobida lipopreteidlar,Липопротеиды сыворотки крови,Serum lipoproteins,,,,050 Qon zardobida lipopreteidlar,050 Липопротеиды сыворотки крови,050 Serum lipoproteins,,Бланк
emdoc-0010-0131,052,Balg'am tahlili,Анализ мокроты,Sputum analysis,,,,052 Balg'am tahlili,052 Анализ мокроты,052 Sputum analysis,,Бланк
emdoc-0010-0132,054,Spermogramma,Спермограмма,Semen analysis,,,,054 Spermogramma,054 Спермограмма,054 Semen analysis,,Бланк
emdoc-0010-0133,055,Mikrobiologik tekshiruv natijasi,Результаты микробиологических исследований,Microbiological test results,,,,055 Mikrobiologik tekshiruv natijasi,055 Результаты микробиологических исследований,055 Microbiological test results,,Бланк
emdoc-0010-0134,057,Sil kasalligiga mikrobiologik tekshiruvlarni qayd etish,Регистрация микробиологических исследований на туберкулёз,Register of TB microbiological tests,,,,057 Sil kasalligiga mikrobiologik tekshiruvlarni qayd etish,057 Регистрация микробиологических исследований на туберкулёз,057 Register of TB microbiological tests,,Журнал
emdoc-0010-0135,058-1,"Uy yoki yovvoyi hayvonlar tishlaganda, tirnalganda, so‘laklari tekkanda, qutirish kasalligiga shubha qilingani haqida tezkor xabar","Экстренное извещение при укусе, оцарапывании или попадании слюны домашних и диких животных при подозрении на бешенство","Urgent notification in case of bites, scratches, or saliva contact from domestic or wild animals with suspected rabies",,,,"058-1 Uy yoki yovvoyi hayvonlar tishlaganda, tirnalganda, so‘laklari tekkanda, qutirish kasalligiga shubha qilingani haqida tezkor xabar","058-1 Экстренное извещение при укусе, оцарапывании или попадании слюны домашних и диких животных при подозрении на бешенство","058-1 Urgent notification in case of bites, scratches, or saliva contact from domestic or wild animals with suspected rabies",,бланк
emdoc-0010-0136,058,"Yuqumli kasallik, oziq-ovqatdan o‘tkir, kasbiga ko‘ra ish joyida zaharlanish, emlanganda o‘zgacha reaksiyalar haqida tezkor xabar","Экстренное извещение об инфекционной болезни, пищевом отравлении, профессиональном отравлении и необычных реакциях на прививку","Urgent notification of infectious disease, food poisoning, occupational poisoning, and adverse vaccine reactions",,,,"058 Yuqumli kasallik, oziq-ovqatdan o‘tkir, kasbiga ko‘ra ish joyida zaharlanish, emlanganda o‘zgacha reaksiyalar haqida tezkor xabar","058 Экстренное извещение об инфекционной болезни, пищевом отравлении, профессиональном отравлении и необычных реакциях на прививку","058 Urgent notification of infectious disease, food poisoning, occupational poisoning, and adverse vaccine reactions",,Бланк
emdoc-0010-0137,059-1,Muolajalarni qayd qilish,Регистрация процедур,Register of medical procedures,,,,059-1 Muolajalarni qayd qilish,059-1 Регистрация процедур,059-1 Register of medical procedures,,Журнал
emdoc-0010-0138,059-2,"Ambulatoriya-poliklinika va shoshilinch (tez) tibbiy yordam postidan foydalangan byudjet dorivositasi, tibbiy buyumlarni hisobga olish","Учёт бюджетных лекарств и медизделий, использованных амбулаторией и скорой помощью",Accounting of budget medicines and medical supplies used by outpatient and emergency services,,,,"059-2 Ambulatoriya-poliklinika va shoshilinch (tez) tibbiy yordam postidan foydalangan byudjet dorivositasi, tibbiy buyumlarni hisobga olish","059-2 Учёт бюджетных лекарств и медизделий, использованных амбулаторией и скорой помощью",059-2 Accounting of budget medicines and medical supplies used by outpatient and emergency services,,Журнал
emdoc-0010-0139,060,Yuqumli kasalliklarni qayd etish,Регистрация инфекционных заболеваний,Register of infectious diseases,,,,060 Yuqumli kasalliklarni qayd etish,060 Регистрация инфекционных заболеваний,060 Register of infectious diseases,,Журнал
emdoc-0010-0140,060-1,"Uy yoki yovvoyi hayvonlar tishlaganda, tirnalganda, so‘laklari tekkanda, qutirish kasalligiga shubha qilingani qayd etish",Регистрация случаев укусов/ослюнения животными при подозрении на бешенство,Register of animal bite/saliva exposure cases suspected of rabies,,,,"060-1 Uy yoki yovvoyi hayvonlar tishlaganda, tirnalganda, so‘laklari tekkanda, qutirish kasalligiga shubha qilingani qayd etish",060-1 Регистрация случаев укусов/ослюнения животными при подозрении на бешенство,060-1 Register of animal bite/saliva exposure cases suspected of rabies,,Журнал
emdoc-0010-0141,062,Ichak mikroflorasini tekshirish,Исследование кишечной микрофлоры,Intestinal microbiota test,,,,062 Ichak mikroflorasini tekshirish,062 Исследование кишечной микрофлоры,062 Intestinal microbiota test,,Бланк
emdoc-0010-0142,065,Vasserman reaksiyasiga qon tahlili va boshqalar,Анализ крови на реакцию Вассермана и др.,Blood test for Wassermann reaction and others,,,,065 Vasserman reaksiyasiga qon tahlili va boshqalar,065 Анализ крови на реакцию Вассермана и др.,065 Blood test for Wassermann reaction and others,,Бланк
emdoc-0010-0143,066-1,FINAL statistik karta 066 (выписанных из стационара),Итоговая статистическая карта выписанных (форма 066),Final statistical card of discharged patients (Form 066),,,,066-1 FINAL statistik karta 066 (выписанных из стационара),066-1 Итоговая статистическая карта выписанных (форма 066),066-1 Final statistical card of discharged patients (Form 066),,Бланк
emdoc-0010-0144,067,Laboratoriya diagnostika bo‘limi Vitamin D,Лабораторный анализ витамина D,Vitamin D laboratory test,,,,067 Laboratoriya diagnostika bo‘limi Vitamin D,067 Лабораторный анализ витамина D,067 Vitamin D laboratory test,,Бланк
emdoc-0010-0145,068,Antistreptolizin-O (S-reaktiv oqsil),Антистрептолизин-O (СРБ),Antistreptolysin-O (CRP),,,,068 Antistreptolizin-O (S-reaktiv oqsil),068 Антистрептолизин-O (СРБ),068 Antistreptolysin-O (CRP),,Бланк
emdoc-0010-0146,070,"HBsAg-antigen (HDV), anti HCV","HBsAg (гепатит B), HDV, anti-HCV","HBsAg (Hep B), HDV, anti-HCV",,,,"070 HBsAg-antigen (HDV), anti HCV","070 HBsAg (гепатит B), HDV, anti-HCV","070 HBsAg (Hep B), HDV, anti-HCV",,Бланк
emdoc-0010-0147,071,Siydi tahlili,Общий анализ мочи,Urinalysis,,,,071 Siydi tahlili,071 Общий анализ мочи,071 Urinalysis,,Бланк
emdoc-0010-0148,073,Zimnitskiy bo‘yicha siydik tahlili,Анализ мочи по Зимницкому,Zimnitsky urine test,,,,073 Zimnitskiy bo‘yicha siydik tahlili,073 Анализ мочи по Зимницкому,073 Zimnitsky urine test,,Бланк
emdoc-0010-0149,074,Glyukozaga va keton tanachasiga siydik tahlili,Анализ мочи глюкозы и кетоновые тела,Glucose and ketone bodies urine test,,,,074 Glyukozaga va keton tanachasiga siydik tahlili,074 Анализ мочи глюкозы и кетоновые тела,074 Glucose and ketone bodies urine test,,Бланк
emdoc-0010-0150,075,Glyukozuriya profili,Профиль глюкозурии,Glucosuria profile,,,,075 Glyukozuriya profili,075 Профиль глюкозурии,075 Glucosuria profile,,Бланк
emdoc-0010-0151,076,Siydik ta’lili – amilaza faolligi,Анализ мочи — активность амилазы,Urine amylase activity,,,,076 Siydik ta’lili – amilaza faolligi,076 Анализ мочи — активность амилазы,076 Urine amylase activity,,Бланк
emdoc-0010-0152,077,Siydik shakliy elementlar sonini aniqlash,Определение форменных элементов мочи,Urine sediment cell count,,,,077 Siydik shakliy elementlar sonini aniqlash,077 Определение форменных элементов мочи,077 Urine sediment cell count,,Бланк
emdoc-0010-0153,078,Prostata bezi shirasi tahlili,Анализ секрета предстательной железы,Prostate secretion analysis,,,,078 Prostata bezi shirasi tahlili,078 Анализ секрета предстательной железы,078 Prostate secretion analysis,,Бланк
emdoc-0010-0154,079,TORCH infeksiya,TORCH-инфекции,TORCH infections,,,,079 TORCH infeksiya,079 TORCH-инфекции,079 TORCH infections,,Бланк
emdoc-0010-0155,081,Duodenal shirasi tahlili,Анализ дуоденального содержимого,Duodenal fluid analysis,,,,081 Duodenal shirasi tahlili,081 Анализ дуоденального содержимого,081 Duodenal fluid analysis,,Бланк
emdoc-0010-0156,082,Orqa miya suyuqligi tahlili,Анализ спинномозговой жидкости,Cerebrospinal fluid analysis,,,,082 Orqa miya suyuqligi tahlili,082 Анализ спинномозговой жидкости,082 Cerebrospinal fluid analysis,,Бланк
emdoc-0010-0157,084,Kimyo-terapevtik preparatlarga ajratilgan kulturalarning sezgirligini aniqlash va mikrobiologik tekshirish natijalari,Результаты микробиологического исследования и определения чувствительности выделенных культур к химиотерапевтическим препаратам,Results of microbiological examination and determination of susceptibility of isolated cultures to chemotherapeutic agents,,,,084 Kimyo-terapevtik preparatlarga ajratilgan kulturalarning sezgirligini aniqlash va mikrobiologik tekshirish natijalari,084 Результаты микробиологического исследования и определения чувствительности выделенных культур к химиотерапевтическим препаратам,084 Results of microbiological examination and determination of susceptibility of isolated cultures to chemotherapeutic agents,,Бланк
emdoc-0010-0158,085,Suyak ilik punktati tahlili,Анализ пункции костного мозга,Bone marrow puncture analysis,,,,085 Suyak ilik punktati tahlili,085 Анализ пункции костного мозга,085 Bone marrow puncture analysis,,Бланк
emdoc-0010-0159,087,Glyukoza borligini aniqlash bo‘yicha qon tahlili,Анализ крови на глюкозу,Blood glucose test,,,,087 Glyukoza borligini aniqlash bo‘yicha qon tahlili,087 Анализ крови на глюкозу,087 Blood glucose test,,Бланк
emdoc-0010-0160,088,"Vidal, Rayta, Xedlson va boshqa reaksiyalarga qon tahlili","Анализы по Видалю, Райту, Хедлсону и др.","Vidal, Wright, Hedlson tests",,,,"088 Vidal, Rayta, Xedlson va boshqa reaksiyalarga qon tahlili","088 Анализы по Видалю, Райту, Хедлсону и др.","088 Vidal, Wright, Hedlson tests",,Бланк
emdoc-0010-0161,092,Immunoglobulin ta’lili,Анализ иммуноглобулинов,Immunoglobulin test,,,,092 Immunoglobulin ta’lili,092 Анализ иммуноглобулинов,092 Immunoglobulin test,,Бланк
emdoc-0010-0162,093,"ALFA FETOPROTEIN, HEPATIT “V”","Альфа-фетопротеин, гепатит B","Alpha-fetoprotein, Hepatitis B",,,,"093 ALFA FETOPROTEIN, HEPATIT “V”","093 Альфа-фетопротеин, гепатит B","093 Alpha-fetoprotein, Hepatitis B",,Бланк
emdoc-0010-0163,094,KOMPLEMENTNING GEMOLITIK FAOLLIGI,Гемолитическая активность комплемента,Complement hemolytic activity,,,,094 KOMPLEMENTNING GEMOLITIK FAOLLIGI,094 Гемолитическая активность комплемента,094 Complement hemolytic activity,,Бланк
emdoc-0010-0164,095,Klinik-diagnostik laboratoriya,Клиническая диагностическая лаборатория,Clinical diagnostic laboratory,,,,095 Klinik-diagnostik laboratoriya,095 Клиническая диагностическая лаборатория,095 Clinical diagnostic laboratory,,Бланк
emdoc-0010-0165,098,TORCH IXLA tahlili,TORCH ИФА анализ,TORCH ELISA test,,,,098 TORCH IXLA tahlili,098 TORCH ИФА анализ,098 TORCH ELISA test,,Бланк
emdoc-0010-0166,099,TORCH infeksiyasi IXLA,TORCH-инфекция ИФА,TORCH infection ELISA,,,,099 TORCH infeksiyasi IXLA,099 TORCH-инфекция ИФА,099 TORCH infection ELISA,,Бланк
emdoc-0010-0167,100,"Shifoxona, ambulator, sirtdi, vafotidan keyingi","Госпитальный, амбулаторный, посмертный","Hospital, outpatient, postmortem",,,,"100 Shifoxona, ambulator, sirtdi, vafotidan keyingi","100 Госпитальный, амбулаторный, посмертный","100 Hospital, outpatient, postmortem",,Бланк
emdoc-0010-0168,101,SUDLANGANNING PSIXIATRIK dalolatnomasi,Судебно-психиатрическое освидетельствование,Forensic psychiatric evaluation,,,,101 SUDLANGANNING PSIXIATRIK dalolatnomasi,101 Судебно-психиатрическое освидетельствование,101 Forensic psychiatric evaluation,,Бланк
emdoc-0010-0169,102,Statsionar va ambulator sud-psixiatrik ekspertizalarini qayd etish,Регистрация стационарных и амбулаторных судебно-психиатрических экспертиз,Register of inpatient/outpatient forensic psychiatric exams,,,,102 Statsionar va ambulator sud-psixiatrik ekspertizalarini qayd etish,102 Регистрация стационарных и амбулаторных судебно-психиатрических экспертиз,102 Register of inpatient/outpatient forensic psychiatric exams,,Журнал
emdoc-0010-0170,104,Majburiy ravishda davolanayotgan shaxsning ruhiy,Психическое состояние лица на принудительном лечении,Mental status of person under compulsory treatment,,,,104 Majburiy ravishda davolanayotgan shaxsning ruhiy,104 Психическое состояние лица на принудительном лечении,104 Mental status of person under compulsory treatment,,Бланк
emdoc-0010-0171,105,Klinik-diagnostik laboratoriya IXLA,Клиническо-диагностическая лаборатория ИФА,Clinical diagnostic laboratory ELISA,,,,105 Klinik-diagnostik laboratoriya IXLA,105 Клиническо-диагностическая лаборатория ИФА,105 Clinical diagnostic laboratory ELISA,,Бланк
emdoc-0010-0172,107,Klinik-diagnostik laboratoriya IXLA,Клиническо-диагностическая лаборатория ИФА,Clinical diagnostic laboratory ELISA,,,,107 Klinik-diagnostik laboratoriya IXLA,107 Клиническо-диагностическая лаборатория ИФА,107 Clinical diagnostic laboratory ELISA,,Бланк
emdoc-0010-0173,108,Klinik-diagnostik laboratoriya IXLA,Клиническо-диагностическая лаборатория ИФА,Clinical diagnostic laboratory ELISA,,,,108 Klinik-diagnostik laboratoriya IXLA,108 Клиническо-диагностическая лаборатория ИФА,108 Clinical diagnostic laboratory ELISA,,Бланк
emdoc-0010-0174,109,Klinik-diagnostik laboratoriya IXLA,Клиническо-диагностическая лаборатория ИФА,Clinical diagnostic laboratory (ELISA),,,,109 Klinik-diagnostik laboratoriya IXLA,109 Клиническо-диагностическая лаборатория ИФА,109 Clinical diagnostic laboratory (ELISA),,Бланк
emdoc-0010-0175,110,Klinik-diagnostik laboratoriya IXLA,Клиническо-диагностическая лаборатория ИФА,Clinical diagnostic laboratory (ELISA),,,,110 Klinik-diagnostik laboratoriya IXLA,110 Клиническо-диагностическая лаборатория ИФА,110 Clinical diagnostic laboratory (ELISA),,Бланк
emdoc-0010-0176,113,"Ambulatoriya-poliklinika muassasasining almashish kartasi. Homilador ayol haqida ma’lumot (har bir homilador uchun to‘ldirilib, 30-haftada beriladi)",Обменная карта амбулаторно-поликлинического учреждения. Сведения о беременной женщине (заполняется на каждую беременную и выдается на 30-й неделе),Exchange card of the outpatient clinic. Information about the pregnant woman (completed for each pregnant woman and issued at 30 weeks),,,,"113 Ambulatoriya-poliklinika muassasasining almashish kartasi. Homilador ayol haqida ma’lumot (har bir homilador uchun to‘ldirilib, 30-haftada beriladi)",113 Обменная карта амбулаторно-поликлинического учреждения. Сведения о беременной женщине (заполняется на каждую беременную и выдается на 30-й неделе),113 Exchange card of the outpatient clinic. Information about the pregnant woman (completed for each pregnant woman and issued at 30 weeks),,Бланк
emdoc-0010-0177,114,Bola (homila) rivojlanishining tug‘ma nuqsoni yoki xromosom buzilishlar bilan tug‘ilganligi to‘g‘risida bildirishnoma,Извещение о рождении ребёнка (плода) с врождённым пороком развития или хромосомными нарушениями,Notification of birth of a child (fetus) with congenital malformation or chromosomal abnormalities,,,,114 Bola (homila) rivojlanishining tug‘ma nuqsoni yoki xromosom buzilishlar bilan tug‘ilganligi to‘g‘risida bildirishnoma,114 Извещение о рождении ребёнка (плода) с врождённым пороком развития или хромосомными нарушениями,114 Notification of birth of a child (fetus) with congenital malformation or chromosomal abnormalities,,Бланк
emdoc-0010-0178,115,Klinik-diagnostik laboratoriya IXLA,Клиническо-диагностическая лаборатория ИФА,Clinical diagnostic laboratory (ELISA),,,,115 Klinik-diagnostik laboratoriya IXLA,115 Клиническо-диагностическая лаборатория ИФА,115 Clinical diagnostic laboratory (ELISA),,Бланк
emdoc-0010-0179,116,Klinik-diagnostik laboratoriya. Lizosomal kasalliklarga selektiv skrining tahlil natijalari,Клинико-диагностическая лаборатория. Результаты селективного скринингового анализа на лизосомные заболевания,Clinical diagnostic laboratory. Results of selective screening analysis for lysosomal diseases,,,,116 Klinik-diagnostik laboratoriya. Lizosomal kasalliklarga selektiv skrining tahlil natijalari,116 Клинико-диагностическая лаборатория. Результаты селективного скринингового анализа на лизосомные заболевания,116 Clinical diagnostic laboratory. Results of selective screening analysis for lysosomal diseases,,Бланк
emdoc-0010-0180,117,Klinik-diagnostik laboratoriya PSR,Клиническо-диагностическая лаборатория ПЦР,Clinical diagnostic laboratory (PCR),,,,117 Klinik-diagnostik laboratoriya PSR,117 Клиническо-диагностическая лаборатория ПЦР,117 Clinical diagnostic laboratory (PCR),,Бланк
emdoc-0010-0181,118,Klinik-diagnostik laboratoriya PSR,Клиническо-диагностическая лаборатория ПЦР,Clinical diagnostic laboratory (PCR),,,,118 Klinik-diagnostik laboratoriya PSR,118 Клиническо-диагностическая лаборатория ПЦР,118 Clinical diagnostic laboratory (PCR),,Бланк
emdoc-0010-0182,119,Kimyo-terapevtik preparatlarga ajratilgan kulturalarning sezgirligini aniqlash va mikrobiologik tekshirish natijalari,Результаты микробиологического исследования и определения чувствительности выделенных культур к химиотерапевтическим препаратам,Results of microbiological examination and determination of susceptibility of isolated cultures to chemotherapeutic agents,,,,119 Kimyo-terapevtik preparatlarga ajratilgan kulturalarning sezgirligini aniqlash va mikrobiologik tekshirish natijalari,119 Результаты микробиологического исследования и определения чувствительности выделенных культур к химиотерапевтическим препаратам,119 Results of microbiological examination and determination of susceptibility of isolated cultures to chemotherapeutic agents,,Бланк
emdoc-0010-0183,120,Klinik-diagnostik laboratoriya miyelogramma,Клиническо-диагностическая лаборатория — миелограмма,Clinical diagnostic laboratory — myelogram,,,,120 Klinik-diagnostik laboratoriya miyelogramma,120 Клиническо-диагностическая лаборатория — миелограмма,120 Clinical diagnostic laboratory — myelogram,,Бланк
emdoc-0010-0184,121,Gelmintoz kasalliklariga qarshi degelmintizatsiya tadbirlarini qayd etish,Регистрация мероприятий по дегельминтизации,Registration of deworming activities,,,,121 Gelmintoz kasalliklariga qarshi degelmintizatsiya tadbirlarini qayd etish,121 Регистрация мероприятий по дегельминтизации,121 Registration of deworming activities,,Журнал
emdoc-0010-0185,122,Bezgak bo‘yicha xavfli joylardan kelganlarni ro‘yxatdan o‘tkazish va “D” kuzatuviga olish,Учёт прибывших из малярийно-опасных зон и постановка на «Д»-наблюдение,Registration of arrivals from malaria-risk areas and placement under “D” observation,,,,122 Bezgak bo‘yicha xavfli joylardan kelganlarni ro‘yxatdan o‘tkazish va “D” kuzatuviga olish,122 Учёт прибывших из малярийно-опасных зон и постановка на «Д»-наблюдение,122 Registration of arrivals from malaria-risk areas and placement under “D” observation,,Бланк
emdoc-0010-0186,123,Bezgak va qorin tifi kasalligiga qon tekshiruvlarini ro‘yxatga olish,Регистрация анализов крови на малярию и брюшной тиф,Register of blood tests for malaria and typhoid,,,,123 Bezgak va qorin tifi kasalligiga qon tekshiruvlarini ro‘yxatga olish,123 Регистрация анализов крови на малярию и брюшной тиф,123 Register of blood tests for malaria and typhoid,,Журнал
emdoc-0010-0187,124,Bezgak va qorin tifiga qarshi preparatlarni tekshiruvlarini ro‘yxatga olish,Регистрация исследований противомалярийных и противотифозных препаратов,Register of tests of anti-malaria and anti-typhoid drugs,,,,124 Bezgak va qorin tifiga qarshi preparatlarni tekshiruvlarini ro‘yxatga olish,124 Регистрация исследований противомалярийных и противотифозных препаратов,124 Register of tests of anti-malaria and anti-typhoid drugs,,Журнал
emdoc-0010-0188,125,Gelmintoz va ichak soddalilarga tekshiruvlarni ro‘yxatga olish,Регистрация исследований на гельминтозы и кишечные простейшие,Register of tests for helminths and intestinal protozoa,,,,125 Gelmintoz va ichak soddalilarga tekshiruvlarni ro‘yxatga olish,125 Регистрация исследований на гельминтозы и кишечные простейшие,125 Register of tests for helminths and intestinal protozoa,,Журнал
emdoc-0010-0189,126,Leyshmanioz kasalligiga tekshiruvlarni ro‘yxatga olish,Регистрация исследований на лейшманиоз,Register of tests for leishmaniasis,,,,126 Leyshmanioz kasalligiga tekshiruvlarni ro‘yxatga olish,126 Регистрация исследований на лейшманиоз,126 Register of tests for leishmaniasis,,Журнал
emdoc-0010-0190,127,DPM dagi tibbiyot xodimlari orasida sodir bo‘lgan avariya holatlarini qayd qilish,Регистрация аварийных случаев среди медработников ЛПУ,Registration of occupational incidents among healthcare workers,,,,127 DPM dagi tibbiyot xodimlari orasida sodir bo‘lgan avariya holatlarini qayd qilish,127 Регистрация аварийных случаев среди медработников ЛПУ,127 Registration of occupational incidents among healthcare workers,,Журнал
emdoc-0010-0191,128,SPID markaziga kasbga oid muloqotni qayd etish shakli,Форма регистрации профессионального контакта в СПИД-центре,Form for registering occupational exposure at the AIDS center,,,,128 SPID markaziga kasbga oid muloqotni qayd etish shakli,128 Форма регистрации профессионального контакта в СПИД-центре,128 Form for registering occupational exposure at the AIDS center,,Бланк
emdoc-0010-0192,129,APM va shifoxona hamda qon qo‘yish markazi laboratoriyalaridan Sanitariya-epidemiologiya osoyishtalik va jamoat salomatligi qo‘mitasiga xabar varaqasi,"Извещение (уведомительный лист) в Комитет санитарно-эпидемиологического благополучия и общественного здоровья от лабораторий АПМ, больниц и центров переливания крови","Notification sheet to the Committee of Sanitary-Epidemiological Welfare and Public Health from outpatient clinics, hospitals and blood transfusion center laboratories",,,,129 APM va shifoxona hamda qon qo‘yish markazi laboratoriyalaridan Sanitariya-epidemiologiya osoyishtalik va jamoat salomatligi qo‘mitasiga xabar varaqasi,"129 Извещение (уведомительный лист) в Комитет санитарно-эпидемиологического благополучия и общественного здоровья от лабораторий АПМ, больниц и центров переливания крови","129 Notification sheet to the Committee of Sanitary-Epidemiological Welfare and Public Health from outpatient clinics, hospitals and blood transfusion center laboratories",,Бланк
emdoc-0010-0193,130,Tahlil natijalari,Результаты анализов,Laboratory results,,,,130 Tahlil natijalari,130 Результаты анализов,130 Laboratory results,,Бланк
emdoc-0010-0194,131,Davolash standartlari hamda nozologiyasiga asosan o‘rinlar sonini hisobga olgan holda bir oylik dori vositalariga bo‘lgan o‘rtacha ehtiyoj,Средняя месячная потребность в лекарственных средствах с учётом коечного фонда по стандартам лечения и нозологиям,"Average monthly need for medicines based on treatment standards and nosology, considering bed capacity",,,,131 Davolash standartlari hamda nozologiyasiga asosan o‘rinlar sonini hisobga olgan holda bir oylik dori vositalariga bo‘lgan o‘rtacha ehtiyoj,131 Средняя месячная потребность в лекарственных средствах с учётом коечного фонда по стандартам лечения и нозологиям,"131 Average monthly need for medicines based on treatment standards and nosology, considering bed capacity",,Бланк
emdoc-0010-0195,132,Davolash-profilaktika muassasasi dorixonasining miqdoriy kirim hisoboti,Отчёт о количественном поступлении лекарственных средств в аптеку лечебно-профилактического учреждения,Report on quantitative receipt of medicines to the pharmacy of a medical facility,,,,132 Davolash-profilaktika muassasasi dorixonasining miqdoriy kirim hisoboti,132 Отчёт о количественном поступлении лекарственных средств в аптеку лечебно-профилактического учреждения,132 Report on quantitative receipt of medicines to the pharmacy of a medical facility,,Бланк
emdoc-0010-0196,133,Doimiy faoliyatdagi hay’atning qabul qilish dalolatnomasi,Приём постоянно действующей комиссии,Acceptance by the standing commission,,,,133 Doimiy faoliyatdagi hay’atning qabul qilish dalolatnomasi,133 Приём постоянно действующей комиссии,133 Acceptance by the standing commission,,Бланк
emdoc-0010-0197,134,Yuk xati (talabnoma),Накладная (требование),Delivery note (requisition),,,,134 Yuk xati (talabnoma),134 Накладная (требование),134 Delivery note (requisition),,Бланк
emdoc-0010-0198,135,Dorixonaning kunlik miqdoriy chiqim hisobi,Ежедневный количественный расход аптеки,Daily quantitative expenditure record of the pharmacy,,,,135 Dorixonaning kunlik miqdoriy chiqim hisobi,135 Ежедневный количественный расход аптеки,135 Daily quantitative expenditure record of the pharmacy,,Бланк
emdoc-0010-0199,136,Dorixonadan boʻlimlarga berilgan dorilar toʻgʻrisidagi chiqim hisoboti,"Отчёт о расходе лекарственных средств, выданных из аптеки в отделения",Expenditure report on medicines issued from the pharmacy to departments,,,,136 Dorixonadan boʻlimlarga berilgan dorilar toʻgʻrisidagi chiqim hisoboti,"136 Отчёт о расходе лекарственных средств, выданных из аптеки в отделения",136 Expenditure report on medicines issued from the pharmacy to departments,,Бланк
emdoc-0010-0200,137,Dorixonada dorilarni hisob varaqasi,Учётный лист лекарственных средств в аптеке,Inventory accounting sheet of medicines in the pharmacy,,,,137 Dorixonada dorilarni hisob varaqasi,137 Учётный лист лекарственных средств в аптеке,137 Inventory accounting sheet of medicines in the pharmacy,,Бланк
emdoc-0010-0201,138,Moliyalashtirish manbasi bo‘yicha aylamna vedomost,Оборотная ведомость по источникам финансирования,Turnover statement by funding source,,,,138 Moliyalashtirish manbasi bo‘yicha aylamna vedomost,138 Оборотная ведомость по источникам финансирования,138 Turnover statement by funding source,,Журнал
emdoc-0010-0202,139,Dorixonaning kunlik miqdoriy chiqim hujjati,Документ ежедневного количественного расхода аптеки,Daily quantitative expenditure document of the pharmacy,,,,139 Dorixonaning kunlik miqdoriy chiqim hujjati,139 Документ ежедневного количественного расхода аптеки,139 Daily quantitative expenditure document of the pharmacy,,Журнал
emdoc-0010-0203,140,Moliyalashtirish manbasi bo‘yicha aylamna bayonot №2,Оборотная ведомость по источникам финансирования №2,Turnover statement by funding source No. 2,,,,140 Moliyalashtirish manbasi bo‘yicha aylamna bayonot №2,140 Оборотная ведомость по источникам финансирования №2,140 Turnover statement by funding source No. 2,,Журнал
emdoc-0010-0204,141,Dori-vositalarning qoldig‘i,Остаток лекарственных средств,Balance of medicines,,,,141 Dori-vositalarning qoldig‘i,141 Остаток лекарственных средств,141 Balance of medicines,,Журнал
emdoc-0010-0205,059-3,Shoshilinch tez tibbiy yordam ilmiy markazining tez tibbiy yordam va sanitar aviatsiyasida dorilarni kirim va chiqim hisobi,Учёт прихода и расхода лекарственных средств в скорой медицинской помощи и санитарной авиации Научного центра экстренной медицинской помощи,Accounting of receipt and expenditure of medicines in the emergency medical service and air ambulance of the Scientific Center of Emergency Medical Care,,,,059-3 Shoshilinch tez tibbiy yordam ilmiy markazining tez tibbiy yordam va sanitar aviatsiyasida dorilarni kirim va chiqim hisobi,059-3 Учёт прихода и расхода лекарственных средств в скорой медицинской помощи и санитарной авиации Научного центра экстренной медицинской помощи,059-3 Accounting of receipt and expenditure of medicines in the emergency medical service and air ambulance of the Scientific Center of Emergency Medical Care,,Журнал
emdoc-0010-0206,142,Murojaatlarni qayd qilish,Регистрация обращений,Register of applications/requests,,,,142 Murojaatlarni qayd qilish,142 Регистрация обращений,142 Register of applications/requests,,Журнал
emdoc-0010-0207,143,Tez tibbiy yordam chaqiruvi kartasi,Карта вызова скорой медицинской помощи,Emergency call card,,,,143 Tez tibbiy yordam chaqiruvi kartasi,143 Карта вызова скорой медицинской помощи,143 Emergency call card,,Бланк
emdoc-0010-0208,144,Kuzatuv varaqasi,Лист наблюдения,Observation sheet,,,,144 Kuzatuv varaqasi,144 Лист наблюдения,144 Observation sheet,,Бланк
emdoc-0010-0209,145,Kundalik podstansiya ishi,Дневник работы подстанции,Daily log of the substation,,,,145 Kundalik podstansiya ishi,145 Дневник работы подстанции,145 Daily log of the substation,,Журнал
emdoc-0010-0210,146,Tez tibbiy yordam stansiyasi va sanitar aviatsiyasi bo‘limlarida favqulodda vaziyatlarni hisobga olish,Учёт чрезвычайных ситуаций на станции скорой помощи и в отделениях санитарной авиации,Register of emergencies at EMS stations and air ambulance units,,,,146 Tez tibbiy yordam stansiyasi va sanitar aviatsiyasi bo‘limlarida favqulodda vaziyatlarni hisobga olish,146 Учёт чрезвычайных ситуаций на станции скорой помощи и в отделениях санитарной авиации,146 Register of emergencies at EMS stations and air ambulance units,,Журнал
emdoc-0010-0211,147,TEZ TIBBIY YORDAM STANSIYASI,Станция скорой медицинской помощи,Emergency medical service station,,,,147 TEZ TIBBIY YORDAM STANSIYASI,147 Станция скорой медицинской помощи,147 Emergency medical service station,,Бланк
emdoc-0010-0212,148,Sanitar aviatsiyasi avtoulovlari faoliyatini ro‘yxatga olish jurnali,Журнал регистрации работы автомобилей санитарной авиации,Logbook of sanitary aviation vehicles,,,,148 Sanitar aviatsiyasi avtoulovlari faoliyatini ro‘yxatga olish jurnali,148 Журнал регистрации работы автомобилей санитарной авиации,148 Logbook of sanitary aviation vehicles,,Журнал
emdoc-0010-0213,149,Sanitar aviatsiyasiga chaqiriqlarni qayd etish jurnali,Журнал регистрации вызовов санитарной авиации,Air ambulance call register,,,,149 Sanitar aviatsiyasiga chaqiriqlarni qayd etish jurnali,149 Журнал регистрации вызовов санитарной авиации,149 Air ambulance call register,,Журнал
emdoc-0010-0214,150,Sanitar aviatsiyasi maslahatchi shifokor varaqasi,Лист консультирующего врача санитарной авиации,Air ambulance consulting physician sheet,,,,150 Sanitar aviatsiyasi maslahatchi shifokor varaqasi,150 Лист консультирующего врача санитарной авиации,150 Air ambulance consulting physician sheet,,Бланк
emdoc-0010-0215,151,Xaydovchilarni tibbiy ko‘rikdan o‘tkazishni hisobga olish,Учёт медицинских осмотров водителей,Register of medical examinations of drivers,,,,151 Xaydovchilarni tibbiy ko‘rikdan o‘tkazishni hisobga olish,151 Учёт медицинских осмотров водителей,151 Register of medical examinations of drivers,,Журнал
emdoc-0010-0216,152,Homilada genetik kasalliklarga prenatal invaziv muolaja o‘tkazish uchun ixtiyoriy rozilik varaqasi,Добровольное информированное согласие на проведение пренатальной инвазивной процедуры при подозрении на генетические заболевания плода,Voluntary informed consent form for prenatal invasive procedure for suspected genetic diseases of the fetus,,,,152 Homilada genetik kasalliklarga prenatal invaziv muolaja o‘tkazish uchun ixtiyoriy rozilik varaqasi,152 Добровольное информированное согласие на проведение пренатальной инвазивной процедуры при подозрении на генетические заболевания плода,152 Voluntary informed consent form for prenatal invasive procedure for suspected genetic diseases of the fetus,,Бланк
emdoc-0010-0217,153,Prenatal diagnostikaning invaziv uslubini o‘tkazishga oid axborotli rozilik (ixtiyoriy) xati,Информированное добровольное согласие на проведение инвазивного метода пренатальной диагностики,Informed voluntary consent for performing an invasive method of prenatal diagnostics,,,,153 Prenatal diagnostikaning invaziv uslubini o‘tkazishga oid axborotli rozilik (ixtiyoriy) xati,153 Информированное добровольное согласие на проведение инвазивного метода пренатальной диагностики,153 Informed voluntary consent for performing an invasive method of prenatal diagnostics,,Бланк
emdoc-0010-0218,154,"Sitogenetik, molekulyar-sitogenetik tekshiruv natijalari",Результаты цитогенетического и молекулярно-цитогенетического исследования,Results of cytogenetic and molecular-cytogenetic testing,,,,"154 Sitogenetik, molekulyar-sitogenetik tekshiruv natijalari",154 Результаты цитогенетического и молекулярно-цитогенетического исследования,154 Results of cytogenetic and molecular-cytogenetic testing,,Бланк
emdoc-0010-0219,155,Ayolning invaziv prenatal diagnostika o‘tkazishdan bosh tortishi haqida ariza,Заявление об отказе женщины от проведения инвазивной пренатальной диагностики,Application (statement) on the woman’s refusal to undergo invasive prenatal diagnostics,,,,155 Ayolning invaziv prenatal diagnostika o‘tkazishdan bosh tortishi haqida ariza,155 Заявление об отказе женщины от проведения инвазивной пренатальной диагностики,155 Application (statement) on the woman’s refusal to undergo invasive prenatal diagnostics,,Бланк
emdoc-0010-0220,156,I trimestr prenatal biokimyoviy skrining xulosasi,Заключение по биохимическому пренатальному скринингу I триместра,Conclusion of first-trimester prenatal biochemical screening,,,,156 I trimestr prenatal biokimyoviy skrining xulosasi,156 Заключение по биохимическому пренатальному скринингу I триместра,156 Conclusion of first-trimester prenatal biochemical screening,,Бланк
emdoc-0010-0221,157,II trimestr prenatal biokimyoviy skrining xulosasi,Заключение по биохимическому пренатальному скринингу II триместра,Conclusion of second- trimester prenatal biochemical screening,,,,157 II trimestr prenatal biokimyoviy skrining xulosasi,157 Заключение по биохимическому пренатальному скринингу II триместра,157 Conclusion of second- trimester prenatal biochemical screening,,Бланк
emdoc-0010-0222,158,Irsiy-genetik kasallik bilan bemor ambulator karta ,Амбулаторная карта пациента с наследственно-генетическим заболеванием,Outpatient card of patient with hereditary genetic disease,,,,158 Irsiy-genetik kasallik bilan bemor ambulator karta ,158 Амбулаторная карта пациента с наследственно-генетическим заболеванием,158 Outpatient card of patient with hereditary genetic disease,,Мед. Карта
emdoc-0010-0223,159,Homilador prenatal tekshiruv kartasi,Карта пренатального обследования беременной,Prenatal examination card of pregnant woman,,,,159 Homilador prenatal tekshiruv kartasi,159 Карта пренатального обследования беременной,159 Prenatal examination card of pregnant woman,,Бланк
emdoc-0010-0224,160,Irsiy-genetik kasalligi bor bemorning nevropatolog ko‘rigi,Осмотр невролога пациента с наследственным генетическим заболеванием,Neuropathologist examination of patient with genetic disease,,,,160 Irsiy-genetik kasalligi bor bemorning nevropatolog ko‘rigi,160 Осмотр невролога пациента с наследственным генетическим заболеванием,160 Neuropathologist examination of patient with genetic disease,,Бланк
emdoc-0010-0225,161,Irsiy-genetik kasalligi bor bemorning endokrinolog ko‘rigi,Осмотр эндокринолога пациента с наследственным генетическим заболеванием,Endocrinologist examination of patient with genetic disease,,,,161 Irsiy-genetik kasalligi bor bemorning endokrinolog ko‘rigi,161 Осмотр эндокринолога пациента с наследственным генетическим заболеванием,161 Endocrinologist examination of patient with genetic disease,,Бланк
emdoc-0010-0226,162,I trimestr prenatal skrining ultratovush tekshiruvi protokoli,Протокол ультразвукового исследования пренатального скрининга I триместра,First-trimester prenatal screening ultrasound protocol,,,,162 I trimestr prenatal skrining ultratovush tekshiruvi protokoli,162 Протокол ультразвукового исследования пренатального скрининга I триместра,162 First-trimester prenatal screening ultrasound protocol,,Бланк
emdoc-0010-0227,163,II trimestr prenatal skrining ultratovush tekshiruvi protokoli,Протокол ультразвукового исследования пренатального скрининга II триместра,Second-trimester prenatal screening ultrasound protocol,,,,163 II trimestr prenatal skrining ultratovush tekshiruvi protokoli,163 Протокол ультразвукового исследования пренатального скрининга II триместра,163 Second-trimester prenatal screening ultrasound protocol,,Бланк
emdoc-0010-0228,164,III trimestr prenatal skrining ultratovush tekshiruvi protokoli,Протокол ультразвукового исследования пренатального скрининга III триместра,Third-trimester prenatal screening ultrasound protocol,,,,164 III trimestr prenatal skrining ultratovush tekshiruvi protokoli,164 Протокол ультразвукового исследования пренатального скрининга III триместра,164 Third-trimester prenatal screening ultrasound protocol,,Бланк
emdoc-0010-0229,165,Tibbiy genetik xulosasi,Медико-генетическое заключение,Medical genetic conclusion,,,,165 Tibbiy genetik xulosasi,165 Медико-генетическое заключение,165 Medical genetic conclusion,,Бланк
emdoc-0010-0230,166,Invaziv prenatal diagnostika protokoli,Протокол инвазивной пренатальной диагностики,Protocol of invasive prenatal diagnostics,,,,166 Invaziv prenatal diagnostika protokoli,166 Протокол инвазивной пренатальной диагностики,166 Protocol of invasive prenatal diagnostics,,Бланк
emdoc-0010-0231,167,Neonatal skrining tahlili,Анализ неонатального скрининга,Neonatal screening test,,,,167 Neonatal skrining tahlili,167 Анализ неонатального скрининга,167 Neonatal screening test,,Бланк
emdoc-0010-0232,168,Tandem mass-spektrometriya tahlili,Анализ тандемной масс-спектрометрии,Tandem mass spectrometry analysis,,,,168 Tandem mass-spektrometriya tahlili,168 Анализ тандемной масс-спектрометрии,168 Tandem mass spectrometry analysis,,Бланк
emdoc-0010-0233,169,Klinik-diagnostik laboratoriya IXLA,Клиническо-диагностическая лаборатория ИФА,Clinical diagnostic laboratory ELISA,,,,169 Klinik-diagnostik laboratoriya IXLA,169 Клиническо-диагностическая лаборатория ИФА,169 Clinical diagnostic laboratory ELISA,,Бланк
emdoc-0010-0234,170,Ter sinamasi tahlili,Потовая проба,Sweat test,,,,170 Ter sinamasi tahlili,170 Потовая проба,170 Sweat test,,Бланк
emdoc-0010-0235,171,Neonatal skrining retest,Повторный неонатальный скрининг,Neonatal screening retest,,,,171 Neonatal skrining retest,171 Повторный неонатальный скрининг,171 Neonatal screening retest,,Бланк
emdoc-0010-0236,172,Homiladagi genetik kasalliklar uchun invaziv prenatal diagnostika o‘tkazilgandan so‘ng xulosa,Заключение после проведения инвазивной пренатальной диагностики по поводу генетических заболеваний плода,Conclusion following invasive prenatal diagnostics for fetal genetic diseases,,,,172 Homiladagi genetik kasalliklar uchun invaziv prenatal diagnostika o‘tkazilgandan so‘ng xulosa,172 Заключение после проведения инвазивной пренатальной диагностики по поводу генетических заболеваний плода,172 Conclusion following invasive prenatal diagnostics for fetal genetic diseases,,Бланк
emdoc-0010-0237,173,Prenatal konsilium ,Пренатальный консилиум ,Prenatal council ,,,,173 Prenatal konsilium ,173 Пренатальный консилиум ,173 Prenatal council ,,Бланк
emdoc-0010-0238,174,Homilador ayolning jarrohlik amaliyotidan oldingi epikrizi,Предоперационный эпикриз беременной женщины,Preoperative epicrisis of pregnant woman,,,,174 Homilador ayolning jarrohlik amaliyotidan oldingi epikrizi,174 Предоперационный эпикриз беременной женщины,174 Preoperative epicrisis of pregnant woman,,Бланк
emdoc-0010-0239,175,Bemorning dispanser — nazorat kartasi,Диспансерно-контрольная карта пациента,Dispensary follow-up control card,,,,175 Bemorning dispanser — nazorat kartasi,175 Диспансерно-контрольная карта пациента,175 Dispensary follow-up control card,,Бланк
emdoc-0010-0240,176,Anonim xonaga murojaat etgan shaxslarning OIVga tekshiruvi,"Обследование на ВИЧ лиц, обратившихся в анонимный кабинет",HIV testing of persons who applied to anonymous office,,,,176 Anonim xonaga murojaat etgan shaxslarning OIVga tekshiruvi,"176 Обследование на ВИЧ лиц, обратившихся в анонимный кабинет",176 HIV testing of persons who applied to anonymous office,,Журнал
emdoc-0010-0241,177,Anonim xonaga fuqarolarni shaxsini tasdiqlovchi hujjatlari bilan OIVga byudjet asosida tekshirishni qayd qilish,"Регистрация бюджетного обследования на ВИЧ граждан, обратившихся в анонимный кабинет по документам, удостоверяющим личность",Registration of budget-funded HIV testing of citizens applying to the anonymous office with identity documents,,,,177 Anonim xonaga fuqarolarni shaxsini tasdiqlovchi hujjatlari bilan OIVga byudjet asosida tekshirishni qayd qilish,"177 Регистрация бюджетного обследования на ВИЧ граждан, обратившихся в анонимный кабинет по документам, удостоверяющим личность",177 Registration of budget-funded HIV testing of citizens applying to the anonymous office with identity documents,,Журнал
emdoc-0010-0242,178,Anonim muolaja xonasiga tekshirishga murojaat etgan shaxslardan qon olishni qayd qilish,"Регистрация забора крови у лиц, обратившихся в анонимный процедурный кабинет на обследование",Registration of blood collection from persons applying to the anonymous treatment room for testing,,,,178 Anonim muolaja xonasiga tekshirishga murojaat etgan shaxslardan qon olishni qayd qilish,"178 Регистрация забора крови у лиц, обратившихся в анонимный процедурный кабинет на обследование",178 Registration of blood collection from persons applying to the anonymous treatment room for testing,,Журнал
emdoc-0010-0243,179,Shaxsda OIV mavjud emasligi to‘g‘risidagi ma’lumotnoma,Справка об отсутствии ВИЧ у лица,Certificate confirming the absence of HIV infection,,,,179 Shaxsda OIV mavjud emasligi to‘g‘risidagi ma’lumotnoma,179 Справка об отсутствии ВИЧ у лица,179 Certificate confirming the absence of HIV infection,,Бланк
emdoc-0010-0244,180,JAYBYUK aniqlangan mijozlarni qayd etish,Регистрация клиентов с выявленным JAYBYUK,Registration of clients with detected JAYBYUK,,,,180 JAYBYUK aniqlangan mijozlarni qayd etish,180 Регистрация клиентов с выявленным JAYBYUK,180 Registration of clients with detected JAYBYUK,,Бланк
emdoc-0010-0245,181,OIV infeksiyali bemorlarga RVQ va opportunistik infeksiyalarga qarshi dori vositalarini tarqatish va hisobga olish,Выдача и учёт лекарственных средств против РВК и оппортунистических инфекций пациентам с ВИЧ-инфекцией,Distribution and accounting of medicines against RVC and opportunistic infections for patients with HIV infection,,,,181 OIV infeksiyali bemorlarga RVQ va opportunistik infeksiyalarga qarshi dori vositalarini tarqatish va hisobga olish,181 Выдача и учёт лекарственных средств против РВК и оппортунистических инфекций пациентам с ВИЧ-инфекцией,181 Distribution and accounting of medicines against RVC and opportunistic infections for patients with HIV infection,,Журнал
emdoc-0010-0246,182,Yo‘llanma qon topshirish uchun,Направление для сдачи крови,Referral ,,,,182 Yo‘llanma qon topshirish uchun,182 Направление для сдачи крови,182 Referral ,,Бланк
emdoc-0010-0247,183,Komissiya ishtirokida olingan qon namunalarini OIVga tekshirish,"Исследование на ВИЧ образцов крови, взятых с участием комиссии",HIV testing of blood samples taken with commission participation,,,,183 Komissiya ishtirokida olingan qon namunalarini OIVga tekshirish,"183 Исследование на ВИЧ образцов крови, взятых с участием комиссии",183 HIV testing of blood samples taken with commission participation,,Бланк
emdoc-0010-0248,184,Shaxsda OIV mavjud emasligi to‘g‘risidagi komissiya xulosasi — ma’lumotnoma,Справка — заключение комиссии об отсутствии ВИЧ-инфекции у лица,Certificate — commission conclusion confirming the absence of HIV infection in the person,,,,184 Shaxsda OIV mavjud emasligi to‘g‘risidagi komissiya xulosasi — ma’lumotnoma,184 Справка — заключение комиссии об отсутствии ВИЧ-инфекции у лица,184 Certificate — commission conclusion confirming the absence of HIV infection in the person,,Бланк
emdoc-0010-0249,185,Komission qon olishni qayd etish,Регистрация комиссионного забора крови,Register of commission blood collection,,,,185 Komission qon olishni qayd etish,185 Регистрация комиссионного забора крови,185 Register of commission blood collection,,Журнал
emdoc-0010-0250,186,"OIV infeksiyasiga polimeraza zanjirli reaksiya (PZR-DNK, VYU) usulida tekshirilgan shaxslarni ro‘yxatga olish","Регистрация лиц, обследованных на ВИЧ-инфекцию методом полимеразной цепной реакции (ПЦР-ДНК, ВН)","Register of persons tested for HIV infection by polymerase chain reaction (PCR-DNA, viral load)",,,,"186 OIV infeksiyasiga polimeraza zanjirli reaksiya (PZR-DNK, VYU) usulida tekshirilgan shaxslarni ro‘yxatga olish","186 Регистрация лиц, обследованных на ВИЧ-инфекцию методом полимеразной цепной реакции (ПЦР-ДНК, ВН)","186 Register of persons tested for HIV infection by polymerase chain reaction (PCR-DNA, viral load)",,Журнал
emdoc-0010-0251,187,OIV infeksiyali bemorlarni immunologik CD4 hujayralarga tekshiruvlari,Иммунологическое исследование CD4 у ВИЧ-пациентов,CD4 cell testing of HIV patients,,,,187 OIV infeksiyali bemorlarni immunologik CD4 hujayralarga tekshiruvlari,187 Иммунологическое исследование CD4 у ВИЧ-пациентов,187 CD4 cell testing of HIV patients,,Журнал
emdoc-0010-0252,188,Qon namunalarini OIVga IFA usulida tekshiruvlarni qayd etish,Регистрация исследований образцов крови на ВИЧ методом ИФА,Register of HIV testing of blood samples by ELISA method,,,,188 Qon namunalarini OIVga IFA usulida tekshiruvlarni qayd etish,188 Регистрация исследований образцов крови на ВИЧ методом ИФА,188 Register of HIV testing of blood samples by ELISA method,,Журнал
emdoc-0010-0253,189,Biomateriallarni laboratoriya,Лаборатория биоматериалов,Biomaterials laboratory,,,,189 Biomateriallarni laboratoriya,189 Лаборатория биоматериалов,189 Biomaterials laboratory,,Журнал
emdoc-0010-0254,190,OIV musbat natijali namunalarni qayd qilish,Регистрация образцов с положительным результатом на ВИЧ,Registration of HIV-positive samples,,,,190 OIV musbat natijali namunalarni qayd qilish,190 Регистрация образцов с положительным результатом на ВИЧ,190 Registration of HIV-positive samples,,Журнал
emdoc-0010-0255,191,OIVga PZR usulida tekshirilgan bemorlarni qayd etish,"Регистрация пациентов, обследованных на ВИЧ методом ПЦР",Register of patients tested for HIV by PCR,,,,191 OIVga PZR usulida tekshirilgan bemorlarni qayd etish,"191 Регистрация пациентов, обследованных на ВИЧ методом ПЦР",191 Register of patients tested for HIV by PCR,,Журнал
emdoc-0010-0256,192,Bemorlarni CD4 hujayralariga tekshiruv natijalarini qayd etish,Регистрация результатов исследования CD4-клеток у пациентов,Register of patients’ CD4 cell test results,,,,192 Bemorlarni CD4 hujayralariga tekshiruv natijalarini qayd etish,192 Регистрация результатов исследования CD4-клеток у пациентов,192 Register of patients’ CD4 cell test results,,Журнал
emdoc-0010-0257,193,Yaroqsiz namunalarni qayd etish,Регистрация непригодных образцов,Register of invalid (unusable) samples,,,,193 Yaroqsiz namunalarni qayd etish,193 Регистрация непригодных образцов,193 Register of invalid (unusable) samples,,Журнал
emdoc-0010-0258,194,Qon topshirgan donorga beriladigan ma’lumotnomalarni qayd etish,"Регистрация справок, выдаваемых донорам крови",Register of certificates issued to blood donors,,,,194 Qon topshirgan donorga beriladigan ma’lumotnomalarni qayd etish,"194 Регистрация справок, выдаваемых донорам крови",194 Register of certificates issued to blood donors,,Журнал
emdoc-0010-0259,195,Donorlar bo‘limiga murojaat qilgan beg‘araz donorlarni ro‘yxatga olish,"Регистрация безвозмездных доноров, обратившихся в донорский отдел",Registration of voluntary donors applying to the donor unit,,,,195 Donorlar bo‘limiga murojaat qilgan beg‘araz donorlarni ro‘yxatga olish,"195 Регистрация безвозмездных доноров, обратившихся в донорский отдел",195 Registration of voluntary donors applying to the donor unit,,Журнал
emdoc-0010-0260,196,Donorni hisobga olish kartasi,Карта учёта донора,Donor registration card,,,,196 Donorni hisobga olish kartasi,196 Карта учёта донора,196 Donor registration card,,Бланк
emdoc-0010-0261,197,ABO tizimidagi standart va rezusga qarshi zardobni tayyorlash uchun kelgan mahsulotni qayd etish,"Регистрация продукции, поступившей для приготовления стандартных сывороток системы АВО и анти-резус",Registration of materials received for preparation of ABO standard and anti-Rh sera,,,,197 ABO tizimidagi standart va rezusga qarshi zardobni tayyorlash uchun kelgan mahsulotni qayd etish,"197 Регистрация продукции, поступившей для приготовления стандартных сывороток системы АВО и анти-резус",197 Registration of materials received for preparation of ABO standard and anti-Rh sera,,Журнал
emdoc-0010-0262,198,Donorlardan plazma va sitaferez usuli bilan qon komponentlarini tayyorlashni hisobga olish,Учёт заготовки компонентов крови от доноров методом плазмафереза и цитафереза,Accounting of blood component preparation from donors by plasmapheresis and cytapheresis,,,,198 Donorlardan plazma va sitaferez usuli bilan qon komponentlarini tayyorlashni hisobga olish,198 Учёт заготовки компонентов крови от доноров методом плазмафереза и цитафереза,198 Accounting of blood component preparation from donors by plasmapheresis and cytapheresis,,Журнал
emdoc-0010-0263,199,Beg‘araz donor kartasi,Карта безвозмездного донора,Voluntary donor card,,,,199 Beg‘araz donor kartasi,199 Карта безвозмездного донора,199 Voluntary donor card,,Бланк
emdoc-0010-0264,200,Komissiya ishtirokida OIV infeksiyasiga qon olishni qayd etish jurnali,Журнал комиссионного забора крови на ВИЧ,Register of commission blood collection for HIV,,,,200 Komissiya ishtirokida OIV infeksiyasiga qon olishni qayd etish jurnali,200 Журнал комиссионного забора крови на ВИЧ,200 Register of commission blood collection for HIV,,Журнал
emdoc-0010-0265,201,To‘liq qon tayyorlashni hisobga olish jurnali,Журнал учёта заготовки цельной крови,Whole blood procurement register,,,,201 To‘liq qon tayyorlashni hisobga olish jurnali,201 Журнал учёта заготовки цельной крови,201 Whole blood procurement register,,Журнал
emdoc-0010-0266,202,ABO tizimi bo‘yicha tayyorlangan standart va rezusga qarshi zardobni qayd etish,Учёт стандартных сывороток АВО и анти-Rh,Register of ABO and anti-Rh sera,,,,202 ABO tizimi bo‘yicha tayyorlangan standart va rezusga qarshi zardobni qayd etish,202 Учёт стандартных сывороток АВО и анти-Rh,202 Register of ABO and anti-Rh sera,,Журнал
emdoc-0010-0267,203,Donorlar qon guruhi va rezus-faktori natijalarini qayd etish,Регистрация группы крови и Rh доноров,Register of donor blood group and Rh,,,,203 Donorlar qon guruhi va rezus-faktori natijalarini qayd etish,203 Регистрация группы крови и Rh доноров,203 Register of donor blood group and Rh,,Журнал
emdoc-0010-0268,204,Qonni brutsellyozga serologik tekshirishni qayd etish jurnali,Журнал серологии крови на бруцеллёз,Brucellosis serology register,,,,204 Qonni brutsellyozga serologik tekshirishni qayd etish jurnali,204 Журнал серологии крови на бруцеллёз,204 Brucellosis serology register,,Журнал
emdoc-0010-0269,205,Konservalangan qon va uning komponentlarini sterilizatsiya tekshiruvini qayd,Регистрация стерильности консервированной крови,Sterility testing register of stored blood,,,,205 Konservalangan qon va uning komponentlarini sterilizatsiya tekshiruvini qayd,205 Регистрация стерильности консервированной крови,205 Sterility testing register of stored blood,,Журнал
emdoc-0010-0270,206,Yaroqsiz qon komponentlarini yo‘q qilish jurnali,Журнал уничтожения непригодных компонентов крови,Disposal log of unusable blood components,,,,206 Yaroqsiz qon komponentlarini yo‘q qilish jurnali,206 Журнал уничтожения непригодных компонентов крови,206 Disposal log of unusable blood components,,Журнал
emdoc-0010-0271,207,Beg‘araz donorlardan tayyorlangan qon komponentlarini hisobga olish jurnali,Учёт компонентов крови от добровольных доноров,Register of components from voluntary donors,,,,207 Beg‘araz donorlardan tayyorlangan qon komponentlarini hisobga olish jurnali,207 Учёт компонентов крови от добровольных доноров,207 Register of components from voluntary donors,,Журнал
emdoc-0010-0272,208,Kriopretsipitat tayyorlashni qayd etish,Регистрация приготовления криопреципитата,Cryoprecipitate preparation register,,,,208 Kriopretsipitat tayyorlashni qayd etish,208 Регистрация приготовления криопреципитата,208 Cryoprecipitate preparation register,,Журнал
emdoc-0010-0273,209,Plazma tayyorlashni qayd etish jurnali,Журнал заготовки плазмы,Plasma preparation register,,,,209 Plazma tayyorlashni qayd etish jurnali,209 Журнал заготовки плазмы,209 Plasma preparation register,,Журнал
emdoc-0010-0274,210,Yuvilgan eritrotsitlarni tayyorlashni qayd etish,Учёт приготовления отмытых эритроцитов,Washed RBC preparation register,,,,210 Yuvilgan eritrotsitlarni tayyorlashni qayd etish,210 Учёт приготовления отмытых эритроцитов,210 Washed RBC preparation register,,Журнал
emdoc-0010-0275,211,Davolash profilaktika muassasalariga beriladigan tayyor qon mahsulotlarini qayd,Учёт готовых препаратов крови для ЛПУ,Register of blood products issued to facilities,,,,211 Davolash profilaktika muassasalariga beriladigan tayyor qon mahsulotlarini qayd,211 Учёт готовых препаратов крови для ЛПУ,211 Register of blood products issued to facilities,,Журнал
emdoc-0010-0276,212,Qon komponentlarini qon zahiralarini boshqarish bo‘limiga qabul qilishni,Приём компонентов крови в банк крови,Acceptance of blood components to blood bank,,,,212 Qon komponentlarini qon zahiralarini boshqarish bo‘limiga qabul qilishni,212 Приём компонентов крови в банк крови,212 Acceptance of blood components to blood bank,,Журнал
emdoc-0010-0277,213,Qon tarkibi qismlari va preparatlarini olish uchun talabnoma,Заявка на компоненты и препараты крови,Request for blood components/products,,,,213 Qon tarkibi qismlari va preparatlarini olish uchun talabnoma,213 Заявка на компоненты и препараты крови,213 Request for blood components/products,,Журнал
emdoc-0010-0278,214,Qon preparatlarini ekspeditsiyaga topshirishni qayd etish,Передача препаратов крови экспедиции,Transfer of blood products to dispatch,,,,214 Qon preparatlarini ekspeditsiyaga topshirishni qayd etish,214 Передача препаратов крови экспедиции,214 Transfer of blood products to dispatch,,Журнал
emdoc-0010-0279,215,Qon preparatlari bo‘limiga kirim qilingan plazmalarni qayd etish,Учёт поступившей плазмы в отдел,Register of plasma received by department,,,,215 Qon preparatlari bo‘limiga kirim qilingan plazmalarni qayd etish,215 Учёт поступившей плазмы в отдел,215 Register of plasma received by department,,Журнал
emdoc-0010-0280,216,OIVga seropozitiv donorlarni qayd etish jurnali,Журнал учёта ВИЧ-серопозитивных доноров,Register of HIV-seropositive donors,,,,216 OIVga seropozitiv donorlarni qayd etish jurnali,216 Журнал учёта ВИЧ-серопозитивных доноров,216 Register of HIV-seropositive donors,,Журнал
emdoc-0010-0281,217,Beg‘araz qon guruhi va rezus-faktori tahlillarini ro‘yxatga olish,Регистрация анализов группы крови и Rh доноров,Register of donor blood group/Rh tests,,,,217 Beg‘araz qon guruhi va rezus-faktori tahlillarini ro‘yxatga olish,217 Регистрация анализов группы крови и Rh доноров,217 Register of donor blood group/Rh tests,,Журнал
emdoc-0010-0282,218,"Zaxm, HSV, HBsAg va OIVga tekshiruvlarni qayd etish jurnali","Журнал анализов на сифилис, HBsAg и ВИЧ","Register of tests for syphilis, HBsAg and HIV",,,,"218 Zaxm, HSV, HBsAg va OIVga tekshiruvlarni qayd etish jurnali","218 Журнал анализов на сифилис, HBsAg и ВИЧ","218 Register of tests for syphilis, HBsAg and HIV",,Журнал
emdoc-0010-0283,219,Donorlarni klinik va bioximik tahlillarini qayd etish,Учёт клинико-биохимических анализов доноров,Register of donor clinical/biochemical tests,,,,219 Donorlarni klinik va bioximik tahlillarini qayd etish,219 Учёт клинико-биохимических анализов доноров,219 Register of donor clinical/biochemical tests,,Журнал
emdoc-0010-0284,220,Donorlar qon guruhi va rezus-faktori tahlillarini ro‘yxatga olish,Повторная регистрация группы крови и Rh доноров,Register of donor blood group/Rh (repeat),,,,220 Donorlar qon guruhi va rezus-faktori tahlillarini ro‘yxatga olish,220 Повторная регистрация группы крови и Rh доноров,220 Register of donor blood group/Rh (repeat),,Журнал
emdoc-0010-0285,221,DPM jurnali usti KONSUL,Консультационный журнал ЛПУ,Facility consultation journal,,,,221 DPM jurnali usti KONSUL,221 Консультационный журнал ЛПУ,221 Facility consultation journal,,Журнал
emdoc-0010-0286,222,"Rezusga qarshi tayyorlangan (reagent, reaktiv) standart zardob tayyorlash uchun qabul qilingan hom-ashyoni ro‘yxatga olish","Регистрация сырья, принятого для приготовления стандартной анти-резус сыворотки (реагента, реактива)",Registration of raw materials accepted for preparation of standard anti-Rh serum (reagent),,,,"222 Rezusga qarshi tayyorlangan (reagent, reaktiv) standart zardob tayyorlash uchun qabul qilingan hom-ashyoni ro‘yxatga olish","222 Регистрация сырья, принятого для приготовления стандартной анти-резус сыворотки (реагента, реактива)",222 Registration of raw materials accepted for preparation of standard anti-Rh serum (reagent),,Журнал
emdoc-0010-0287,223,Patologo-anatomik tekshirish uchun yorilgan murdalarni qayd etish,"Регистрация трупов, вскрытых для патолого-анатомического исследования",Register of bodies autopsied for pathological examination,,,,223 Patologo-anatomik tekshirish uchun yorilgan murdalarni qayd etish,"223 Регистрация трупов, вскрытых для патолого-анатомического исследования",223 Register of bodies autopsied for pathological examination,,Журнал
emdoc-0010-0288,224,Patologo-anatomik tadqiqot bayoni №,Протокол патолого-анатомического исследования №,Pathological examination report №,,,,224 Patologo-anatomik tadqiqot bayoni №,224 Протокол патолого-анатомического исследования №,224 Pathological examination report №,,Бланк
emdoc-0010-0289,225,Patologo-gistologik tadqiqot uchun yo‘llanma,Направление на патолого-гистологическое исследование,Referral for histopathological examination,,,,225 Patologo-gistologik tadqiqot uchun yo‘llanma,225 Направление на патолого-гистологическое исследование,225 Referral for histopathological examination,,Бланк
emdoc-0010-0290,226,Seksion material patologo-gistologik tekshiruvlarni qayd etish,Регистрация патолого-гистологических исследований секционного материала,Register of histopathological examinations of autopsy material,,,,226 Seksion material patologo-gistologik tekshiruvlarni qayd etish,226 Регистрация патолого-гистологических исследований секционного материала,226 Register of histopathological examinations of autopsy material,,Журнал
emdoc-0010-0291,227,Biopsiya va operatsiya materiallari yuzasidan tekshiruvlarni qayd etish,Регистрация исследований биопсийного и операционного материала,Register of examinations of biopsy and surgical material,,,,227 Biopsiya va operatsiya materiallari yuzasidan tekshiruvlarni qayd etish,227 Регистрация исследований биопсийного и операционного материала,227 Register of examinations of biopsy and surgical material,,Журнал
emdoc-0010-0292,228,Murdalarni qabul qilish va olib ketilishini qayd etish,Регистрация приёма и выдачи (выноса) трупов,Register of acceptance and release (removal) of bodies,,,,228 Murdalarni qabul qilish va olib ketilishini qayd etish,228 Регистрация приёма и выдачи (выноса) трупов,228 Register of acceptance and release (removal) of bodies,,Журнал
emdoc-0010-0293,229,Sud-tibbiy tekshiruv dalolatnomasi,Акт судебно-медицинского исследования,Act of forensic medical examination,,,,229 Sud-tibbiy tekshiruv dalolatnomasi,229 Акт судебно-медицинского исследования,229 Act of forensic medical examination,,Бланк
emdoc-0010-0294,230,Ekspert xulosasi №,Заключение эксперта №,Expert opinion №,,,,230 Ekspert xulosasi №,230 Заключение эксперта №,230 Expert opinion №,,Бланк
emdoc-0010-0295,231,Sud-tibbiy laboratoriya va mutaxassis maslahatiga yo‘llanma,Направление в судебно-медицинскую лабораторию и на консультацию специалиста,Referral to forensic laboratory and specialist consultation,,,,231 Sud-tibbiy laboratoriya va mutaxassis maslahatiga yo‘llanma,231 Направление в судебно-медицинскую лабораторию и на консультацию специалиста,231 Referral to forensic laboratory and specialist consultation,,Бланк
emdoc-0010-0296,232,Sud-gistologik tekshiruvga yo‘llanma,Направление на судебно-гистологическое исследование,Referral for forensic histological examination,,,,232 Sud-gistologik tekshiruvga yo‘llanma,232 Направление на судебно-гистологическое исследование,232 Referral for forensic histological examination,,Бланк
emdoc-0010-0297,233,Tanatologiya bo‘limida murdalarni ro‘yxatga olish,Регистрация трупов в танатологическом отделении,Register of bodies in the thanatology unit,,,,233 Tanatologiya bo‘limida murdalarni ro‘yxatga olish,233 Регистрация трупов в танатологическом отделении,233 Register of bodies in the thanatology unit,,Бланк
emdoc-0010-0298,234,Sud-tibbiy ambulatoriyada shaxslarni ro‘yxatga olish,Регистрация лиц в судебно-медицинской амбулатории,Register of persons in forensic outpatient unit,,,,234 Sud-tibbiy ambulatoriyada shaxslarni ro‘yxatga olish,234 Регистрация лиц в судебно-медицинской амбулатории,234 Register of persons in forensic outpatient unit,,Журнал
emdoc-0010-0299,235,"Qayta, komission, kompleks va murakkab ekspertizalarni ro‘yxatga olish","Регистрация повторных, комиссионных, комплексных и сложных экспертиз","Register of repeat, commission, comprehensive and complex expert examinations",,,,"235 Qayta, komission, kompleks va murakkab ekspertizalarni ro‘yxatga olish","235 Регистрация повторных, комиссионных, комплексных и сложных экспертиз","235 Register of repeat, commission, comprehensive and complex expert examinations",,Журнал
emdoc-0010-0300,236,Sud biologik bo‘limda ashyoviy dalillarni va ularga tegishli hujjatlarni ro‘yxatga olish,Регистрация вещественных доказательств и сопроводительных документов в судебно-биологическом отделе,Register of physical evidence and related documents in the forensic biology unit,,,,236 Sud biologik bo‘limda ashyoviy dalillarni va ularga tegishli hujjatlarni ro‘yxatga olish,236 Регистрация вещественных доказательств и сопроводительных документов в судебно-биологическом отделе,236 Register of physical evidence and related documents in the forensic biology unit,,Журнал
emdoc-0010-0301,237,"Sud biologik bo‘limda murda qoni, surtma va tiqimlar tekshiruvini ro‘yxatga olish","Регистрация исследований трупной крови, мазков и тампонов в судебно-биологическом отделе","Register of examinations of cadaver blood, smears and swabs in the forensic biology unit",,,,"237 Sud biologik bo‘limda murda qoni, surtma va tiqimlar tekshiruvini ro‘yxatga olish","237 Регистрация исследований трупной крови, мазков и тампонов в судебно-биологическом отделе","237 Register of examinations of cadaver blood, smears and swabs in the forensic biology unit",,Журнал
emdoc-0010-0302,238,Sud gistologik bo‘limda material va hujjatlarni ro‘yxatga olish,Регистрация материалов и документов в судебно-гистологическом отделе,Register of materials and documents in forensic histology unit,,,,238 Sud gistologik bo‘limda material va hujjatlarni ro‘yxatga olish,238 Регистрация материалов и документов в судебно-гистологическом отделе,238 Register of materials and documents in forensic histology unit,,Журнал
emdoc-0010-0303,239,Mikromordorlar olingan qonni qayd etish,"Регистрация крови, взятой для микрометодов",Register of blood taken for micromethods,,,,239 Mikromordorlar olingan qonni qayd etish,"239 Регистрация крови, взятой для микрометодов",239 Register of blood taken for micromethods,,Журнал
emdoc-0010-0304,240,"Kiyim, ashyoviy dalillar, qimmatbaho buyumlar va hujjatlarni ro‘yxatga olish","Регистрация одежды, вещественных доказательств, ценностей и документов","Register of clothing, physical evidence, valuables and documents",,,,"240 Kiyim, ashyoviy dalillar, qimmatbaho buyumlar va hujjatlarni ro‘yxatga olish","240 Регистрация одежды, вещественных доказательств, ценностей и документов","240 Register of clothing, physical evidence, valuables and documents",,Журнал
emdoc-0010-0305,241,Sud–kimyo bo‘limida ashyoviy dalillar va ularga tegishli hujjatlarni ro‘yxatga olish,Регистрация вещественных доказательств и сопроводительных документов в судебно-химическом отделе,Register of physical evidence and related documents in the forensic chemistry unit,,,,241 Sud–kimyo bo‘limida ashyoviy dalillar va ularga tegishli hujjatlarni ro‘yxatga olish,241 Регистрация вещественных доказательств и сопроводительных документов в судебно-химическом отделе,241 Register of physical evidence and related documents in the forensic chemistry unit,,Журнал
emdoc-0010-0306,242,Sud–kimyo bo‘limida tirik shaxslardan narkologik tekshiruvlarni ro‘yxatga olish,Регистрация наркологических обследований живых лиц в судебно-химическом отделе,Register of narcological examinations of living persons in the forensic chemistry unit,,,,242 Sud–kimyo bo‘limida tirik shaxslardan narkologik tekshiruvlarni ro‘yxatga olish,242 Регистрация наркологических обследований живых лиц в судебно-химическом отделе,242 Register of narcological examinations of living persons in the forensic chemistry unit,,Журнал
emdoc-0010-0307,243,Fuqarolar murojaatlarini qayd etish,Регистрация обращений граждан,Register of citizens’ applications,,,,243 Fuqarolar murojaatlarini qayd etish,243 Регистрация обращений граждан,243 Register of citizens’ applications,,Журнал
emdoc-0010-0308,244,Ma’lumotlarni yig‘ish,Сбор информации,Data collection,,,,244 Ma’lumotlarni yig‘ish,244 Сбор информации,244 Data collection,,Журнал
emdoc-0010-0309,245,Tibbiy kriminalistika bo‘limida ashyoviy dalillar va ularga tegishli hujjatlarni ro‘yxatga olish,Регистрация вещественных доказательств и сопроводительных документов в отделе медицинской криминалистики,Register of physical evidence and related documents in the medical criminology unit,,,,245 Tibbiy kriminalistika bo‘limida ashyoviy dalillar va ularga tegishli hujjatlarni ro‘yxatga olish,245 Регистрация вещественных доказательств и сопроводительных документов в отделе медицинской криминалистики,245 Register of physical evidence and related documents in the medical criminology unit,,Журнал
emdoc-0010-0310,045-1,Veterinariya bo‘limi ma’lumotlarini ro‘yxatga olish daftari,Журнал регистрации сведений ветеринарного отдела,Register of veterinary department records,,,,045-1 Veterinariya bo‘limi ma’lumotlarini ro‘yxatga olish daftari,045-1 Журнал регистрации сведений ветеринарного отдела,045-1 Register of veterinary department records,,Журнал
emdoc-0010-0311,045-2,Boshqa hududlardagi hayvonlardan jarohat olganlarni ro‘yxatga olish jurnali,"Журнал учета лиц, пострадавших от животных из других районов и областей",Register of persons injured by animals from other regions,,,,045-2 Boshqa hududlardagi hayvonlardan jarohat olganlarni ro‘yxatga olish jurnali,"045-2 Журнал учета лиц, пострадавших от животных из других районов и областей",045-2 Register of persons injured by animals from other regions,,Журнал
emdoc-0010-0312,045-3,Noma’lum hayvonlardan jarohat olganlar bo‘yicha dispanserizatsiya va antirabik nazorat jurnali,Журнал диспансеризации и антирабического наблюдения пострадавших от неизвестных животных,Register of follow-up and antirabies supervision for injuries by unknown animals,,,,045-3 Noma’lum hayvonlardan jarohat olganlar bo‘yicha dispanserizatsiya va antirabik nazorat jurnali,045-3 Журнал диспансеризации и антирабического наблюдения пострадавших от неизвестных животных,045-3 Register of follow-up and antirabies supervision for injuries by unknown animals,,Журнал
emdoc-0010-0313,045-4,Xo‘jalik hisobidagi profilaktik dezinfeksiya bo‘limiga xabar berish jurnali,Журнал уведомлений в отдел профилактической дезинфекции на хозрасчете,Notification register to the preventive disinfection unit,,,,045-4 Xo‘jalik hisobidagi profilaktik dezinfeksiya bo‘limiga xabar berish jurnali,045-4 Журнал уведомлений в отдел профилактической дезинфекции на хозрасчете,045-4 Notification register to the preventive disinfection unit,,Журнал
emdoc-0010-0314,045-5,Nobud bo‘lgan hayvonlar murda materialini laborator tekshirish bo‘yicha epizootik daftar,Эпизоотический журнал лабораторного исследования трупного материала павших животных,Epizootic register of laboratory examination of carcass material,,,,045-5 Nobud bo‘lgan hayvonlar murda materialini laborator tekshirish bo‘yicha epizootik daftar,045-5 Эпизоотический журнал лабораторного исследования трупного материала павших животных,045-5 Epizootic register of laboratory examination of carcass material,,Журнал
emdoc-0010-0315,045-6,Guruhli hayvonlardan jarohat olganlarni qayd etish daftari,Журнал учета пострадавших от группового нападения животных,Register of persons injured in group animal attacks,,,,045-6 Guruhli hayvonlardan jarohat olganlarni qayd etish daftari,045-6 Журнал учета пострадавших от группового нападения животных,045-6 Register of persons injured in group animal attacks,,Журнал
emdoc-0010-0316,060,Yuqumli kasalliklarni qayd etish jurnali,Журнал регистрации инфекционных заболеваний,Register of infectious diseases,,,,060 Yuqumli kasalliklarni qayd etish jurnali,060 Журнал регистрации инфекционных заболеваний,060 Register of infectious diseases,,Журнал
emdoc-0010-0317,246,Davlat sanitariya nazoratiga olingan obyektlarni ro‘yxatga olish jurnali,"Журнал регистрации объектов, взятых на государственный санитарный контроль",Register of facilities under state sanitary supervision,,,,246 Davlat sanitariya nazoratiga olingan obyektlarni ro‘yxatga olish jurnali,"246 Журнал регистрации объектов, взятых на государственный санитарный контроль",246 Register of facilities under state sanitary supervision,,Журнал
emdoc-0010-0318,247,Qurilish uchun ajratilgan yer maydoni bo‘yicha xulosa,"Заключение по земельному участку, выделенному под строительство",Conclusion on land plot allocated for construction,,,,247 Qurilish uchun ajratilgan yer maydoni bo‘yicha xulosa,"247 Заключение по земельному участку, выделенному под строительство",247 Conclusion on land plot allocated for construction,,Журнал
emdoc-0010-0319,248,Qurilish uchun ajratilgan yer maydonlariga berilgan xulosalarni ro‘yxatga olish jurnali,Журнал регистрации заключений по земельным участкам под строительство,Register of conclusions on land plots for construction,,,,248 Qurilish uchun ajratilgan yer maydonlariga berilgan xulosalarni ro‘yxatga olish jurnali,248 Журнал регистрации заключений по земельным участкам под строительство,248 Register of conclusions on land plots for construction,,Журнал
emdoc-0010-0320,249,Loyiha bo‘yicha xulosa,Заключение по проекту,Project conclusion,,,,249 Loyiha bo‘yicha xulosa,249 Заключение по проекту,249 Project conclusion,,Бланк
emdoc-0010-0321,250,Loyiha bo‘yicha berilgan xulosalarni ro‘yxatga olish jurnali,Журнал регистрации выданных проектных заключений,Register of issued project conclusions,,,,250 Loyiha bo‘yicha berilgan xulosalarni ro‘yxatga olish jurnali,250 Журнал регистрации выданных проектных заключений,250 Register of issued project conclusions,,Журнал
emdoc-0010-0322,251,Qurilayotgan (ta’mirlanayotgan) obyekt bo‘yicha ogohlantiruvchi sanitariya nazorati kartasi,Карта предупредительного санитарного надзора по строящемуся (ремонтируемому) объекту,Preventive sanitary supervision card for construction/renovation site,,,,251 Qurilayotgan (ta’mirlanayotgan) obyekt bo‘yicha ogohlantiruvchi sanitariya nazorati kartasi,251 Карта предупредительного санитарного надзора по строящемуся (ремонтируемому) объекту,251 Preventive sanitary supervision card for construction/renovation site,,Бланк
emdoc-0010-0323,252,Joriy sanitariya nazoratiga olingan obyektning kartasi,"Карта объекта, взятого на текущий санитарный контроль",Card of facility under current sanitary supervision,,,,252 Joriy sanitariya nazoratiga olingan obyektning kartasi,"252 Карта объекта, взятого на текущий санитарный контроль",252 Card of facility under current sanitary supervision,,Бланк
emdoc-0010-0324,253,Bolalarni dam olish va sog‘lomlashtirish joylariga olib chiqish uchun beriladigan sanitariya ruxsatnoma,Санитарное разрешение на вывоз детей в места отдыха и оздоровления,Sanitary permit for sending children to recreation and health facilities,,,,253 Bolalarni dam olish va sog‘lomlashtirish joylariga olib chiqish uchun beriladigan sanitariya ruxsatnoma,253 Санитарное разрешение на вывоз детей в места отдыха и оздоровления,253 Sanitary permit for sending children to recreation and health facilities,,Бланк
emdoc-0010-0325,254,Suv namunasini olish dalolatnomasi (akt),Акт отбора пробы воды,Act of water sampling,,,,254 Suv namunasini olish dalolatnomasi (akt),254 Акт отбора пробы воды,254 Act of water sampling,,Бланк
emdoc-0010-0326,255,Oziq-ovqat mahsulotlaridan namuna olish dalolatnomasi,Акт отбора проб пищевых продуктов,Act of food sampling,,,,255 Oziq-ovqat mahsulotlaridan namuna olish dalolatnomasi,255 Акт отбора проб пищевых продуктов,255 Act of food sampling,,Бланк
emdoc-0010-0327,256,Qishloq xo‘jaligi va oziq-ovqat mahsulotlarida pestitsidlar qoldig‘ini aniqlash dalolatnomasi,Акт определения остаточных пестицидов в сельхоз- и пищевой продукции,Act on determination of pesticide residues in agri-food samples,,,,256 Qishloq xo‘jaligi va oziq-ovqat mahsulotlarida pestitsidlar qoldig‘ini aniqlash dalolatnomasi,256 Акт определения остаточных пестицидов в сельхоз- и пищевой продукции,256 Act on determination of pesticide residues in agri-food samples,,Бланк
emdoc-0010-0328,257,Tashqi muhit anjomlaridan surtma olish dalolatnomasi,Акт взятия смывов с предметов внешней среды,Act of environmental swab sampling,,,,257 Tashqi muhit anjomlaridan surtma olish dalolatnomasi,257 Акт взятия смывов с предметов внешней среды,257 Act of environmental swab sampling,,Бланк
emdoc-0010-0329,258,Yuqumli kasallik bilan og‘rigan bemorni ko‘chirish (evakuatsiya) varaqasi,Лист эвакуации больного с инфекционным заболеванием,Evacuation sheet for infectious patient,,,,258 Yuqumli kasallik bilan og‘rigan bemorni ko‘chirish (evakuatsiya) varaqasi,258 Лист эвакуации больного с инфекционным заболеванием,258 Evacuation sheet for infectious patient,,Бланк
emdoc-0010-0330,259,Yuqumli kasallik bilan og‘rigan bemorlarni evakuatsiya qilishni qayd etish jurnali,Журнал учета эвакуации больных инфекционными заболеваниями,Register of evacuation of infectious patients,,,,259 Yuqumli kasallik bilan og‘rigan bemorlarni evakuatsiya qilishni qayd etish jurnali,259 Журнал учета эвакуации больных инфекционными заболеваниями,259 Register of evacuation of infectious patients,,Журнал
emdoc-0010-0331,260,"Kiyimlar, jihozlar va boshqa buyumlarni kamerali dezinfeksiya qilishni hisobga olish jurnali","Журнал учета камерной дезинфекции одежды, инвентаря и других предметов",Register of chamber disinfection of items,,,,"260 Kiyimlar, jihozlar va boshqa buyumlarni kamerali dezinfeksiya qilishni hisobga olish jurnali","260 Журнал учета камерной дезинфекции одежды, инвентаря и других предметов",260 Register of chamber disinfection of items,,Журнал
emdoc-0010-0332,261,Yuqumli kasallik o‘chog‘ida o‘tkazilgan dezinfeksiyani hisobga olish jurnali,Журнал учета дезинфекции в очаге инфекционного заболевания,Register of disinfection in infectious focus,,,,261 Yuqumli kasallik o‘chog‘ida o‘tkazilgan dezinfeksiyani hisobga olish jurnali,261 Журнал учета дезинфекции в очаге инфекционного заболевания,261 Register of disinfection in infectious focus,,Журнал
emdoc-0010-0333,262,Yuqumli kasallik o‘chog‘ini epidemiologik tekshirish kartasi,Карта эпидемиологического обследования очага инфекционного заболевания,Epidemiological investigation card of infectious focus,,,,262 Yuqumli kasallik o‘chog‘ini epidemiologik tekshirish kartasi,262 Карта эпидемиологического обследования очага инфекционного заболевания,262 Epidemiological investigation card of infectious focus,,Бланк
emdoc-0010-0334,263,Ovqatdan zaharlanish holatlarini ro‘yxatga olish jurnali,Журнал регистрации случаев пищевых отравлений,Register of food poisoning cases,,,,263 Ovqatdan zaharlanish holatlarini ro‘yxatga olish jurnali,263 Журнал регистрации случаев пищевых отравлений,263 Register of food poisoning cases,,Журнал
emdoc-0010-0335,264,Ovqatdan zaharlanish va kasb kasalliklari bo‘yicha shoshilinch xabarlarni ro‘yxatga olish jurnali,Журнал регистрации экстренных сообщений при пищевых отравлениях и профзаболеваниях,Register of urgent notifications for food poisoning and occupational diseases,,,,264 Ovqatdan zaharlanish va kasb kasalliklari bo‘yicha shoshilinch xabarlarni ro‘yxatga olish jurnali,264 Журнал регистрации экстренных сообщений при пищевых отравлениях и профзаболеваниях,264 Register of urgent notifications for food poisoning and occupational diseases,,Журнал
emdoc-0010-0336,265,Gelmintozga qarshi degelmintizatsiya tadbirlarini qayd etish jurnali,Журнал учета мероприятий по дегельминтизации при гельминтозах,Register of deworming measures for helminthiasis,,,,265 Gelmintozga qarshi degelmintizatsiya tadbirlarini qayd etish jurnali,265 Журнал учета мероприятий по дегельминтизации при гельминтозах,265 Register of deworming measures for helminthiasis,,Журнал
emdoc-0010-0337,266,Ajratib olingan brutsellalar tavsifnomasini qayd etish jurnali,Журнал учета характеристик выделенных бруцелл,Register of characteristics of isolated Brucella strains,,,,266 Ajratib olingan brutsellalar tavsifnomasini qayd etish jurnali,266 Журнал учета характеристик выделенных бруцелл,266 Register of characteristics of isolated Brucella strains,,Журнал
emdoc-0010-0338,267,Qonni brutsellozga serologik tekshirish jurnali,Журнал серологического исследования крови на бруцеллёз,Register of serological blood testing for brucellosis,,,,267 Qonni brutsellozga serologik tekshirish jurnali,267 Журнал серологического исследования крови на бруцеллёз,267 Register of serological blood testing for brucellosis,,Журнал
emdoc-0010-0339,268,Sut va sut mahsulotlarini brutsellozga serologik tekshirish jurnali,Журнал серологического исследования молока и молочных продуктов на бруцеллёз,Register of serological testing of milk and dairy products for brucellosis,,,,268 Sut va sut mahsulotlarini brutsellozga serologik tekshirish jurnali,268 Журнал серологического исследования молока и молочных продуктов на бруцеллёз,268 Register of serological testing of milk and dairy products for brucellosis,,Журнал
emdoc-0010-0340,269,Suv havzasining holati bo‘yicha tavsifnoma,Характеристика состояния водоёма,Description of water body condition,,,,269 Suv havzasining holati bo‘yicha tavsifnoma,269 Характеристика состояния водоёма,269 Description of water body condition,,Бланк
emdoc-0010-0341,270,Tashqi muhit va bemorlardan olingan namunalarni kuydirgiga bakteriologik va serologik tekshirish jurnali,Журнал бактериологического и серологического исследования образцов из внешней среды и от людей на сибирскую язву,Register of bacteriological and serological testing for anthrax,,,,270 Tashqi muhit va bemorlardan olingan namunalarni kuydirgiga bakteriologik va serologik tekshirish jurnali,270 Журнал бактериологического и серологического исследования образцов из внешней среды и от людей на сибирскую язву,270 Register of bacteriological and serological testing for anthrax,,Журнал
emdoc-0010-0342,271,Bioprobalarni qayd etish jurnali,Журнал учета биопроб,Register of bioassays,,,,271 Bioprobalarni qayd etish jurnali,271 Журнал учета биопроб,271 Register of bioassays,,Журнал
emdoc-0010-0343,272,Kuydirgi mikrobi xususiyatlarini qayd etish jurnali,Журнал учета свойств возбудителя сибирской язвы,Register of anthrax pathogen characteristics,,,,272 Kuydirgi mikrobi xususiyatlarini qayd etish jurnali,272 Журнал учета свойств возбудителя сибирской язвы,272 Register of anthrax pathogen characteristics,,Журнал
emdoc-0010-0344,273,Kasb kasalliklari (zaharlanishlari)ni ro‘yxatga olish kartasi,Карта регистрации профессиональных заболеваний (отравлений),Occupational disease (poisoning) registration card,,,,273 Kasb kasalliklari (zaharlanishlari)ni ro‘yxatga olish kartasi,273 Карта регистрации профессиональных заболеваний (отравлений),273 Occupational disease (poisoning) registration card,,Бланк
emdoc-0010-0345,274,Quturishdan vafot etganlardan olingan patmaterialni tekshirish jurnali,Журнал исследования патологического материала умерших от бешенства,Register of pathological material examination for rabies,,,,274 Quturishdan vafot etganlardan olingan patmaterialni tekshirish jurnali,274 Журнал исследования патологического материала умерших от бешенства,274 Register of pathological material examination for rabies,,Журнал
emdoc-0010-0346,275,Zoonoz kasalligi o‘chog‘ini epizootologik-epidemiologik tekshirish kartasi,Карта эпизоотолого-эпидемиологического обследования очага зоонозного заболевания,Epizootic–epidemiological investigation card of a zoonotic focus,,,,275 Zoonoz kasalligi o‘chog‘ini epizootologik-epidemiologik tekshirish kartasi,275 Карта эпизоотолого-эпидемиологического обследования очага зоонозного заболевания,275 Epizootic–epidemiological investigation card of a zoonotic focus,,Бланк
emdoc-0010-0347,276,Zoonoz kasalligi o‘chog‘ini epizootologik-epidemiologik tekshirish kartasiga ilova,Приложение к карте эпизоотолого-эпидемиологического обследования очага зооноза,Annex to the zoonotic focus investigation card,,,,276 Zoonoz kasalligi o‘chog‘ini epizootologik-epidemiologik tekshirish kartasiga ilova,276 Приложение к карте эпизоотолого-эпидемиологического обследования очага зооноза,276 Annex to the zoonotic focus investigation card,,Бланк
emdoc-0010-0348,277,Oziq-ovqat mahsulotlarida antibiotik qoldiqlarini aniqlash jurnali,Журнал определения остаточных антибиотиков в пищевых продуктах,Register of antibiotic residues testing in food products,,,,277 Oziq-ovqat mahsulotlarida antibiotik qoldiqlarini aniqlash jurnali,277 Журнал определения остаточных антибиотиков в пищевых продуктах,277 Register of antibiotic residues testing in food products,,Журнал
emdoc-0010-0349,278,Rentgen kabinetidan foydalanish huquqi bo‘yicha sanitariya pasporti,Санитарный паспорт на право эксплуатации рентген-кабинета,Sanitary passport for operation of an X-ray room,,,,278 Rentgen kabinetidan foydalanish huquqi bo‘yicha sanitariya pasporti,278 Санитарный паспорт на право эксплуатации рентген-кабинета,278 Sanitary passport for operation of an X-ray room,,Бланк
emdoc-0010-0350,279,Ionlashtiruvchi nurlar manbalari bilan ishlash huquqini beruvchi sanitariya-epidemiologik xulosa,Санитарно-эпидемиологическое заключение на право работы с источниками ионизирующего излучения,Sanitary-epidemiological conclusion for work with ionizing radiation sources,,,,279 Ionlashtiruvchi nurlar manbalari bilan ishlash huquqini beruvchi sanitariya-epidemiologik xulosa,279 Санитарно-эпидемиологическое заключение на право работы с источниками ионизирующего излучения,279 Sanitary-epidemiological conclusion for work with ionizing radiation sources,,Бланк
emdoc-0010-0351,280,Radioaktiv moddalar va chiqindilarni tashish uchun maxsus avtotransportga berilgan sanitariya-epidemiologik xulosa,Санитарно-эпидемиологическое заключение на спецтранспорт для перевозки радиоактивных материалов и отходов,Sanitary-epidemiological conclusion for special vehicle transporting radioactive materials,,,,280 Radioaktiv moddalar va chiqindilarni tashish uchun maxsus avtotransportga berilgan sanitariya-epidemiologik xulosa,280 Санитарно-эпидемиологическое заключение на спецтранспорт для перевозки радиоактивных материалов и отходов,280 Sanitary-epidemiological conclusion for special vehicle transporting radioactive materials,,Бланк
emdoc-0010-0352,281,Identifikatsiya uchun yuborilgan patogen biologik agentlarni qayd qilish jurnali,"Журнал учета патогенных биологических агентов, направленных на идентификацию",Register of pathogenic biological agents sent for identification,,,,281 Identifikatsiya uchun yuborilgan patogen biologik agentlarni qayd qilish jurnali,"281 Журнал учета патогенных биологических агентов, направленных на идентификацию",281 Register of pathogenic biological agents sent for identification,,Журнал
emdoc-0010-0353,282,Ajratilgan kulturalar va ularni yo‘q qilinishini qayd qilish jurnali,Журнал учета выделенных культур и их уничтожения,Register of isolated cultures and their destruction,,,,282 Ajratilgan kulturalar va ularni yo‘q qilinishini qayd qilish jurnali,282 Журнал учета выделенных культур и их уничтожения,282 Register of isolated cultures and their destruction,,Журнал
emdoc-0010-0354,283,Patogen biologik agentlar (PBA) harakatini qayd etish jurnali,Журнал движения патогенных биологических агентов (ПБА),Register of movement of pathogenic biological agents,,,,283 Patogen biologik agentlar (PBA) harakatini qayd etish jurnali,283 Журнал движения патогенных биологических агентов (ПБА),283 Register of movement of pathogenic biological agents,,Журнал
emdoc-0010-0355,284,Muzey kulturalarining inventar kitobi,Инвентарная книга музейных культур,Inventory book of museum cultures,,,,284 Muzey kulturalarining inventar kitobi,284 Инвентарная книга музейных культур,284 Inventory book of museum cultures,,Журнал
emdoc-0010-0356,285,Yuqumli materiallarni avtoklavda zararsizlantirishni hisobga olish jurnali,Журнал учета обеззараживания инфекционного материала в автоклаве,Register of autoclave decontamination of infectious materials,,,,285 Yuqumli materiallarni avtoklavda zararsizlantirishni hisobga olish jurnali,285 Журнал учета обеззараживания инфекционного материала в автоклаве,285 Register of autoclave decontamination of infectious materials,,Журнал
emdoc-0010-0357,286,Vabo qo‘zg‘atuvchisiga odamdan olingan materiallarni qayd qilish jurnali,"Журнал учета материалов, полученных от людей на возбудителя холеры",Register of human samples tested for cholera pathogen,,,,286 Vabo qo‘zg‘atuvchisiga odamdan olingan materiallarni qayd qilish jurnali,"286 Журнал учета материалов, полученных от людей на возбудителя холеры",286 Register of human samples tested for cholera pathogen,,Журнал
emdoc-0010-0358,287,Vabo qo‘zg‘atuvchisiga tashqi muhit obyektlaridan olingan materiallarni qayd qilish jurnali,Журнал учета материалов из объектов внешней среды на возбудителя холеры,Register of environmental samples tested for cholera pathogen,,,,287 Vabo qo‘zg‘atuvchisiga tashqi muhit obyektlaridan olingan materiallarni qayd qilish jurnali,287 Журнал учета материалов из объектов внешней среды на возбудителя холеры,287 Register of environmental samples tested for cholera pathogen,,Журнал
emdoc-0010-0359,288,O1 seroguruhiga mansub vabo vibrioni kulturalari tavsifnomasi va qayd qilish daftari,Книга характеристики и учета культур холерного вибриона серогруппы O1,Record book of characteristics of O1 cholera vibrio cultures,,,,288 O1 seroguruhiga mansub vabo vibrioni kulturalari tavsifnomasi va qayd qilish daftari,288 Книга характеристики и учета культур холерного вибриона серогруппы O1,288 Record book of characteristics of O1 cholera vibrio cultures,,Журнал
emdoc-0010-0360,289,"Shtamm pasporti (brutselloz, kuydirgi, vabo)","Паспорт штамма (бруцеллёз, сибирская язва, холера)","Strain passport (brucellosis, anthrax, cholera)",,,,"289 Shtamm pasporti (brutselloz, kuydirgi, vabo)","289 Паспорт штамма (бруцеллёз, сибирская язва, холера)","289 Strain passport (brucellosis, anthrax, cholera)",,Бланк
emdoc-0010-0361,290,O1 guruhiga mansub vabo vibrionlarini tekshirish natijasi,Результат исследования вибрионов холеры группы O1,Test result of O1 cholera vibrios,,,,290 O1 guruhiga mansub vabo vibrionlarini tekshirish natijasi,290 Результат исследования вибрионов холеры группы O1,290 Test result of O1 cholera vibrios,,Бланк
emdoc-0010-0362,291,Zoonoz kasalliklarga laborator tekshiruv xulosasi,Заключение по лабораторному исследованию зоонозных заболеваний,Laboratory conclusion on zoonotic diseases,,,,291 Zoonoz kasalliklarga laborator tekshiruv xulosasi,291 Заключение по лабораторному исследованию зоонозных заболеваний,291 Laboratory conclusion on zoonotic diseases,,Бланк
emdoc-0010-0363,292,Identifikatsiyaga yuborilgan kulturalarning tekshiruv natijasi,"Результат исследования культур, направленных на идентификацию",Test result of cultures sent for identification,,,,292 Identifikatsiyaga yuborilgan kulturalarning tekshiruv natijasi,"292 Результат исследования культур, направленных на идентификацию",292 Test result of cultures sent for identification,,Бланк
emdoc-0010-0364,293,Respublika ichida shtammlarni berishni hisobga olish jurnali,Журнал учета выдачи штаммов внутри республики,Register of strain issuance within the Republic,,,,293 Respublika ichida shtammlarni berishni hisobga olish jurnali,293 Журнал учета выдачи штаммов внутри республики,293 Register of strain issuance within the Republic,,Журнал
emdoc-0010-0365,294,Chet eldan shtammlarni qabul qilish jurnali,Журнал приема штаммов из-за рубежа,Register of receipt of strains from abroad,,,,294 Chet eldan shtammlarni qabul qilish jurnali,294 Журнал приема штаммов из-за рубежа,294 Register of receipt of strains from abroad,,Журнал
emdoc-0010-0366,295,Liofilizatsiya uchun keltirilgan shtammlar harakatini qayd etish jurnali,"Журнал движения штаммов, поступивших на лиофилизацию",Register of movement of strains for lyophilization,,,,295 Liofilizatsiya uchun keltirilgan shtammlar harakatini qayd etish jurnali,"295 Журнал движения штаммов, поступивших на лиофилизацию",295 Register of movement of strains for lyophilization,,Журнал
emdoc-0010-0367,296,I–II guruh infeksiyalar qo‘zg‘atuvchilarini yo‘q qilish dalolatnomasi,Акт уничтожения возбудителей инфекций I–II групп,Act of destruction of group I–II pathogens,,,,296 I–II guruh infeksiyalar qo‘zg‘atuvchilarini yo‘q qilish dalolatnomasi,296 Акт уничтожения возбудителей инфекций I–II групп,296 Act of destruction of group I–II pathogens,,Бланк
emdoc-0010-0368,297,Shtammlarni qabul qilish dalolatnomasi,Акт приёма штаммов,Act of acceptance of strains,,,,297 Shtammlarni qabul qilish dalolatnomasi,297 Акт приёма штаммов,297 Act of acceptance of strains,,Бланк
emdoc-0010-0369,298,Ajratilgan kuydirgi qo‘zg‘atuvchisi shtammlarini qayd qilish va identifikatsiya natijalari,Журнал учёта выделенных штаммов возбудителя сибирской язвы и результатов идентификации,Register of isolated anthrax strains and identification results,,,,298 Ajratilgan kuydirgi qo‘zg‘atuvchisi shtammlarini qayd qilish va identifikatsiya natijalari,298 Журнал учёта выделенных штаммов возбудителя сибирской язвы и результатов идентификации,298 Register of isolated anthrax strains and identification results,,Бланк
emdoc-0010-0370,299,Hayvonlarni yorish va tekshiruv natijalarini qayd qilish jurnali,Журнал вскрытия животных и результатов исследований,Register of animal dissection and test results,,,,299 Hayvonlarni yorish va tekshiruv natijalarini qayd qilish jurnali,299 Журнал вскрытия животных и результатов исследований,299 Register of animal dissection and test results,,Журнал
emdoc-0010-0371,300,Hayvonlar tomonidan jarohat yetkazilgan shaxslar o‘chog‘ida epidemiologik surishtiruv,Акт эпидемиологического расследования в очаге укусов животных,Epidemiological investigation report for animal-bite focus,,,,300 Hayvonlar tomonidan jarohat yetkazilgan shaxslar o‘chog‘ida epidemiologik surishtiruv,300 Акт эпидемиологического расследования в очаге укусов животных,300 Epidemiological investigation report for animal-bite focus,,Журнал
emdoc-0010-0372,301,Birlamchi rayon sektorlarini tekshiruv natijalari,Результаты обследования первичных районных секторов,Results of primary district sector survey,,,,301 Birlamchi rayon sektorlarini tekshiruv natijalari,301 Результаты обследования первичных районных секторов,301 Results of primary district sector survey,,Бланк
emdoc-0010-0373,302,Tuproq namunalarini radiologik tekshirish bayonnomasi,Протокол радиологического исследования образцов почвы,Protocol of radiological testing of soil samples,,,,302 Tuproq namunalarini radiologik tekshirish bayonnomasi,302 Протокол радиологического исследования образцов почвы,302 Protocol of radiological testing of soil samples,,Бланк
emdoc-0010-0374,303,O‘simlik namunalarini radiologik tekshirish bayonnomasi,Протокол радиологического исследования образцов растений,Protocol of radiological testing of plant samples,,,,303 O‘simlik namunalarini radiologik tekshirish bayonnomasi,303 Протокол радиологического исследования образцов растений,303 Protocol of radiological testing of plant samples,,Бланк
emdoc-0010-0375,304,Qurilishi (rekonstruksiyasi) tugallangan obyektni foydalanishga qabul qilishni rad etish to‘g‘risida xulosa,Заключение об отказе в приёмке завершённого строительством (реконструкцией) объекта в эксплуатацию,Conclusion refusing acceptance of a completed construction (reconstruction) facility,,,,304 Qurilishi (rekonstruksiyasi) tugallangan obyektni foydalanishga qabul qilishni rad etish to‘g‘risida xulosa,304 Заключение об отказе в приёмке завершённого строительством (реконструкцией) объекта в эксплуатацию,304 Conclusion refusing acceptance of a completed construction (reconstruction) facility,,Бланк
emdoc-0010-0376,305,Qurilishi (rekonstruksiyasi) tugallangan obyektni foydalanishga qabul qilishni ma’qullash to‘g‘risida xulosa,Заключение о согласовании приёмки завершённого строительством (реконструкцией) объекта в эксплуатацию,Conclusion approving acceptance of a completed construction (reconstruction) facility,,,,305 Qurilishi (rekonstruksiyasi) tugallangan obyektni foydalanishga qabul qilishni ma’qullash to‘g‘risida xulosa,305 Заключение о согласовании приёмки завершённого строительством (реконструкцией) объекта в эксплуатацию,305 Conclusion approving acceptance of a completed construction (reconstruction) facility,,Бланк
emdoc-0010-0377,306,Bezgak bo‘yicha xavfli hududlardan kelganlarni ro‘yxatga olish va “D” kuzatuviga olish jurnali,Журнал регистрации прибывших из маляроопасных зон и взятия на «Д»-наблюдение,Register of persons arriving from malaria-risk areas under dispensary observation,,,,306 Bezgak bo‘yicha xavfli hududlardan kelganlarni ro‘yxatga olish va “D” kuzatuviga olish jurnali,306 Журнал регистрации прибывших из маляроопасных зон и взятия на «Д»-наблюдение,306 Register of persons arriving from malaria-risk areas under dispensary observation,,Журнал
emdoc-0010-0378,307,Bezgak va kanali qaytalama tif uchun qon preparatlarini tekshirishni ro‘yxatga olish jurnali,Журнал регистрации исследований препаратов крови на малярию и клещевой возвратный тиф,Register of blood-smear testing for malaria and tick-borne relapsing fever,,,,307 Bezgak va kanali qaytalama tif uchun qon preparatlarini tekshirishni ro‘yxatga olish jurnali,307 Журнал регистрации исследований препаратов крови на малярию и клещевой возвратный тиф,307 Register of blood-smear testing for malaria and tick-borne relapsing fever,,Журнал
emdoc-0010-0379,308,Gelmintoz va ichak protozoalariga tekshiruvlarni ro‘yxatga olish jurnali,Журнал регистрации исследований на гельминтозы и кишечные простейшие,Register of tests for helminthiasis and intestinal protozoa,,,,308 Gelmintoz va ichak protozoalariga tekshiruvlarni ro‘yxatga olish jurnali,308 Журнал регистрации исследований на гельминтозы и кишечные простейшие,308 Register of tests for helminthiasis and intestinal protozoa,,Журнал
emdoc-0010-0380,309,Dezinfeksiya vositalari natijalarini qayd etish jurnali,Журнал учета результатов контроля дезинфицирующих средств,Register of disinfection agent control results,,,,309 Dezinfeksiya vositalari natijalarini qayd etish jurnali,309 Журнал учета результатов контроля дезинфицирующих средств,309 Register of disinfection agent control results,,Журнал
emdoc-0010-0381,310,Ultrabinafsha nurlanish darajasini o‘lchash protokoli,Протокол измерения уровня ультрафиолетового излучения,Protocol for measuring ultraviolet radiation level,,,,310 Ultrabinafsha nurlanish darajasini o‘lchash protokoli,310 Протокол измерения уровня ультрафиолетового излучения,310 Protocol for measuring ultraviolet radiation level,,Бланк
emdoc-0010-0382,311,Sanitariya-gigiyena qoidalari va epidemiyaga qarshi tartiblarni buzganlik to‘g‘risida bayonnoma,Протокол о нарушении санитарно-гигиенических правил и противоэпидемического режима,Report on violation of sanitary-hygienic and anti-epidemic rules,,,,311 Sanitariya-gigiyena qoidalari va epidemiyaga qarshi tartiblarni buzganlik to‘g‘risida bayonnoma,311 Протокол о нарушении санитарно-гигиенических правил и противоэпидемического режима,311 Report on violation of sanitary-hygienic and anti-epidemic rules,,Бланк
emdoc-0010-0383,312,Jarima solish to‘g‘risida qaror,Постановление о наложении штрафа,Decision on imposition of a fine,,,,312 Jarima solish to‘g‘risida qaror,312 Постановление о наложении штрафа,312 Decision on imposition of a fine,,Бланк
emdoc-0010-0384,313,Jarima solish to‘g‘risidagi qarorlarni ro‘yxatga olish jurnali,Журнал регистрации постановлений о наложении штрафов,Register of fine imposition decisions,,,,313 Jarima solish to‘g‘risidagi qarorlarni ro‘yxatga olish jurnali,313 Журнал регистрации постановлений о наложении штрафов,313 Register of fine imposition decisions,,Журнал
emdoc-0010-0385,314,Ma’muriy huquqbuzarlik ishini ko‘rib chiqish bayonnomasi,Протокол рассмотрения дела об административном правонарушении,Minutes of administrative offense hearing,,,,314 Ma’muriy huquqbuzarlik ishini ko‘rib chiqish bayonnomasi,314 Протокол рассмотрения дела об административном правонарушении,314 Minutes of administrative offense hearing,,Бланк
emdoc-0010-0386,315,Ishdan chetlatish to‘g‘risida taklif,Предложение об отстранении от работы,Proposal for suspension from work,,,,315 Ishdan chetlatish to‘g‘risida taklif,315 Предложение об отстранении от работы,315 Proposal for suspension from work,,Бланк
emdoc-0010-0387,316,Taqiqlash (faoliyatni to‘xtatish) to‘g‘risidagi qarorlarni ro‘yxatga olish,Журнал регистрации решений о запрете (приостановлении) деятельности,Register of decisions on prohibition (suspension) of activity,,,,316 Taqiqlash (faoliyatni to‘xtatish) to‘g‘risidagi qarorlarni ro‘yxatga olish,316 Журнал регистрации решений о запрете (приостановлении) деятельности,316 Register of decisions on prohibition (suspension) of activity,,Бланк
emdoc-0010-0388,317,Ichimlik suvini tekshirish va natijalarini qayd etish jurnali,Журнал исследования питьевой воды и регистрации результатов,Register of drinking water testing and results,,,,317 Ichimlik suvini tekshirish va natijalarini qayd etish jurnali,317 Журнал исследования питьевой воды и регистрации результатов,317 Register of drinking water testing and results,,Журнал
emdoc-0010-0389,318,Tuproq namunalarini tekshirish bo‘yicha dalolatnoma (akt),Акт отбора и исследования образцов почвы,Act of soil sampling and testing,,,,318 Tuproq namunalarini tekshirish bo‘yicha dalolatnoma (akt),318 Акт отбора и исследования образцов почвы,318 Act of soil sampling and testing,,Бланк
emdoc-0010-0390,319,Sanitariya-epidemiologik tekshiruv o‘tkazilganligi haqida dalolatnoma,Акт о проведении санитарно-эпидемиологической проверки,Act on sanitary-epidemiological inspection,,,,319 Sanitariya-epidemiologik tekshiruv o‘tkazilganligi haqida dalolatnoma,319 Акт о проведении санитарно-эпидемиологической проверки,319 Act on sanitary-epidemiological inspection,,Бланк
emdoc-0010-0391,320,Quturishga gumon qilib vafot etganlardan olingan patmaterial yo‘llanmasi,Направление патологического материала при подозрении на бешенство,Referral of pathological material for suspected rabies,,,,320 Quturishga gumon qilib vafot etganlardan olingan patmaterial yo‘llanmasi,320 Направление патологического материала при подозрении на бешенство,320 Referral of pathological material for suspected rabies,,Бланк
emdoc-0010-0392,321,Kasallik qo‘zg‘atuvchilari bilan ifloslangan materiallarni zararsizlantirishni hisobga olish jurnali,Журнал учета обеззараживания инфицированных материалов,Register of decontamination of contaminated materials,,,,321 Kasallik qo‘zg‘atuvchilari bilan ifloslangan materiallarni zararsizlantirishni hisobga olish jurnali,321 Журнал учета обеззараживания инфицированных материалов,321 Register of decontamination of contaminated materials,,Журнал
emdoc-0010-0393,322,Ozuqa muhitlarini tayyorlashni qayd etish jurnali,Журнал приготовления питательных сред,Register of culture media preparation,,,,322 Ozuqa muhitlarini tayyorlashni qayd etish jurnali,322 Журнал приготовления питательных сред,322 Register of culture media preparation,,Журнал
emdoc-0010-0394,323,Ozuqa muhitlarini avtoklavda zararsizlantirishni hisobga olish jurnali,Журнал стерилизации питательных сред (автоклавирование),Register of sterilization of culture media,,,,323 Ozuqa muhitlarini avtoklavda zararsizlantirishni hisobga olish jurnali,323 Журнал стерилизации питательных сред (автоклавирование),323 Register of sterilization of culture media,,Журнал
emdoc-0010-0395,324,Mikrobiologik tekshiruvlarni qayd etish jurnali,Журнал регистрации микробиологических исследований,Register of microbiological examinations,,,,324 Mikrobiologik tekshiruvlarni qayd etish jurnali,324 Журнал регистрации микробиологических исследований,324 Register of microbiological examinations,,Журнал
emdoc-0010-0396,325,Leyshmaniozga tekshiruvlarni ro‘yxatga olish jurnali,Журнал регистрации исследований на лейшманиоз,Register of leishmaniasis testing,,,,325 Leyshmaniozga tekshiruvlarni ro‘yxatga olish jurnali,325 Журнал регистрации исследований на лейшманиоз,325 Register of leishmaniasis testing,,Журнал
emdoc-0010-0397,326,Namunalar va ularning tekshiruv natijalarini berishni qayd etish jurnali,Журнал выдачи образцов и результатов исследований,Register of sample issuance and test results,,,,326 Namunalar va ularning tekshiruv natijalarini berishni qayd etish jurnali,326 Журнал выдачи образцов и результатов исследований,326 Register of sample issuance and test results,,Журнал
emdoc-0010-0398,327,Ochiq suv havzalari va oqava suvlarni tekshirish natijalarini qayd etish jurnali,Журнал регистрации результатов исследования открытых водоёмов и сточных вод,Register of test results for surface and wastewater,,,,327 Ochiq suv havzalari va oqava suvlarni tekshirish natijalarini qayd etish jurnali,327 Журнал регистрации результатов исследования открытых водоёмов и сточных вод,327 Register of test results for surface and wastewater,,Журнал
emdoc-0010-0399,328,Ochiq suv havzalari va oqava suvlarni tekshirish bayonnomasi,Протокол исследования открытых водоёмов и сточных вод,Protocol of surface and wastewater testing,,,,328 Ochiq suv havzalari va oqava suvlarni tekshirish bayonnomasi,328 Протокол исследования открытых водоёмов и сточных вод,328 Protocol of surface and wastewater testing,,Бланк
emdoc-0010-0400,329,Ochiq suv havzalari va oqava suvlarni mikrobiologik tekshirish jurnali,Журнал микробиологического исследования открытых водоёмов и сточных вод,Register of microbiological testing of surface and wastewater,,,,329 Ochiq suv havzalari va oqava suvlarni mikrobiologik tekshirish jurnali,329 Журнал микробиологического исследования открытых водоёмов и сточных вод,329 Register of microbiological testing of surface and wastewater,,Журнал
emdoc-0010-0401,330,Ichimlik suvini tekshirish bayonnomasi,Протокол исследования питьевой воды,Protocol of drinking water testing,,,,330 Ichimlik suvini tekshirish bayonnomasi,330 Протокол исследования питьевой воды,330 Protocol of drinking water testing,,Бланк
emdoc-0010-0402,331,Ichimlik suvini mikrobiologik tekshirishni qayd etish jurnali,Журнал микробиологического исследования питьевой воды,Register of microbiological testing of drinking water,,,,331 Ichimlik suvini mikrobiologik tekshirishni qayd etish jurnali,331 Журнал микробиологического исследования питьевой воды,331 Register of microbiological testing of drinking water,,Журнал
emdoc-0010-0403,332,Havoni tekshirish natijalarini qayd etish jurnali,Журнал регистрации результатов исследования воздуха,Register of air quality testing results,,,,332 Havoni tekshirish natijalarini qayd etish jurnali,332 Журнал регистрации результатов исследования воздуха,332 Register of air quality testing results,,Журнал
emdoc-0010-0404,333,Aholi yashash joylari havosini tekshirish bayonnomasi,Протокол исследования воздуха жилых территорий,Protocol of ambient air testing in residential areas,,,,333 Aholi yashash joylari havosini tekshirish bayonnomasi,333 Протокол исследования воздуха жилых территорий,333 Protocol of ambient air testing in residential areas,,Бланк
emdoc-0010-0405,334,Yopiq xonalar havosini tekshirish bayonnomasi,Протокол исследования воздуха закрытых помещений,Protocol of indoor air testing,,,,334 Yopiq xonalar havosini tekshirish bayonnomasi,334 Протокол исследования воздуха закрытых помещений,334 Protocol of indoor air testing,,Бланк
emdoc-0010-0406,335,Ob-havo omillarini o‘lchash bayonnomasi,Протокол измерения метеорологических факторов,Protocol for measurement of meteorological factors,,,,335 Ob-havo omillarini o‘lchash bayonnomasi,335 Протокол измерения метеорологических факторов,335 Protocol for measurement of meteorological factors,,Бланк
emdoc-0010-0407,336,Havoni mikrobiologik tekshirish jurnali,Журнал микробиологического исследования воздуха,Register of microbiological air testing,,,,336 Havoni mikrobiologik tekshirish jurnali,336 Журнал микробиологического исследования воздуха,336 Register of microbiological air testing,,Журнал
emdoc-0010-0408,337,Tuproq namunasini tekshirish natijalarini qayd etish jurnali,Журнал регистрации результатов исследования проб почвы,Register of soil sample test results,,,,337 Tuproq namunasini tekshirish natijalarini qayd etish jurnali,337 Журнал регистрации результатов исследования проб почвы,337 Register of soil sample test results,,Журнал
emdoc-0010-0409,338,Tuproq namunalarini tekshirish bayonnomasi,Протокол исследования проб почвы,Protocol of soil sample testing,,,,338 Tuproq namunalarini tekshirish bayonnomasi,338 Протокол исследования проб почвы,338 Protocol of soil sample testing,,Бланк
emdoc-0010-0410,339,Tuproqni mikrobiologik tekshirish jurnali,Журнал микробиологического исследования почвы,Register of microbiological soil testing,,,,339 Tuproqni mikrobiologik tekshirish jurnali,339 Журнал микробиологического исследования почвы,339 Register of microbiological soil testing,,Журнал
emdoc-0010-0411,340,Elektromagnit maydoni kuchlanishini o‘lchash bayonnomasi,Протокол измерения напряжённости электромагнитного поля,Protocol for measurement of electromagnetic field intensity,,,,340 Elektromagnit maydoni kuchlanishini o‘lchash bayonnomasi,340 Протокол измерения напряжённости электромагнитного поля,340 Protocol for measurement of electromagnetic field intensity,,Бланк
emdoc-0010-0412,341,Shovqin va tebranishni (vibratsiya) o‘lchash bayonnomasi,Протокол измерения шума и вибрации,Protocol for measurement of noise and vibration,,,,341 Shovqin va tebranishni (vibratsiya) o‘lchash bayonnomasi,341 Протокол измерения шума и вибрации,341 Protocol for measurement of noise and vibration,,Бланк
emdoc-0010-0413,342,Yorug‘likni o‘lchash bayonnomasi,Протокол измерения освещённости,Protocol for illumination measurement,,,,342 Yorug‘likni o‘lchash bayonnomasi,342 Протокол измерения освещённости,342 Protocol for illumination measurement,,Бланк
emdoc-0010-0414,343,Fizik omillar o‘lchov natijalarini qayd etish jurnali,Журнал регистрации результатов измерений физических факторов,Register of physical factors measurement results,,,,343 Fizik omillar o‘lchov natijalarini qayd etish jurnali,343 Журнал регистрации результатов измерений физических факторов,343 Register of physical factors measurement results,,Журнал
emdoc-0010-0415,344,Radiotexnik obyektning sanitariya pasporti,Санитарный паспорт радиотехнического объекта,Sanitary passport of a radio-technical facility,,,,344 Radiotexnik obyektning sanitariya pasporti,344 Санитарный паспорт радиотехнического объекта,344 Sanitary passport of a radio-technical facility,,Бланк
emdoc-0010-0416,345,Tayyor taom va ratsionlar kaloriyasi hamda kimyoviy tarkibini tekshirish bayonnomasi,Протокол исследования калорийности и химического состава готовых блюд и рационов,Protocol of caloric value and chemical composition testing of ready meals and rations,,,,345 Tayyor taom va ratsionlar kaloriyasi hamda kimyoviy tarkibini tekshirish bayonnomasi,345 Протокол исследования калорийности и химического состава готовых блюд и рационов,345 Protocol of caloric value and chemical composition testing of ready meals and rations,,Бланк
emdoc-0010-0417,346,Tayyor taom va ratsionlar kaloriyasi hamda kimyoviy tarkibini tekshirish natijalarini qayd etish jurnali,Журнал регистрации результатов исследования калорийности и химического состава готовых блюд и рационов,Register of test results on caloric value and chemical composition of meals and rations,,,,346 Tayyor taom va ratsionlar kaloriyasi hamda kimyoviy tarkibini tekshirish natijalarini qayd etish jurnali,346 Журнал регистрации результатов исследования калорийности и химического состава готовых блюд и рационов,346 Register of test results on caloric value and chemical composition of meals and rations,,Журнал
emdoc-0010-0418,347,Oziq-ovqat mahsulotlaridan olingan namunalarni tekshirish bayonnomasi,Протокол исследования проб пищевых продуктов,Protocol of food sample testing,,,,347 Oziq-ovqat mahsulotlaridan olingan namunalarni tekshirish bayonnomasi,347 Протокол исследования проб пищевых продуктов,347 Protocol of food sample testing,,Бланк
emdoc-0010-0419,348,Oziq-ovqat mahsuloti namunalarini tekshirish natijalarini qayd etish jurnali,Журнал регистрации результатов исследования проб пищевых продуктов,Register of food sample test results,,,,348 Oziq-ovqat mahsuloti namunalarini tekshirish natijalarini qayd etish jurnali,348 Журнал регистрации результатов исследования проб пищевых продуктов,348 Register of food sample test results,,Бланк
emdoc-0010-0420,349,Qishloq xo‘jaligi va oziq-ovqat mahsulotlarida pestitsidlar qoldig‘ini tekshirish natijalarini hisobga olish jurnali,Журнал учета результатов исследования остаточных пестицидов в сельхоз- и пищевой продукции,Register of pesticide residue test results in agri-food products,,,,349 Qishloq xo‘jaligi va oziq-ovqat mahsulotlarida pestitsidlar qoldig‘ini tekshirish natijalarini hisobga olish jurnali,349 Журнал учета результатов исследования остаточных пестицидов в сельхоз- и пищевой продукции,349 Register of pesticide residue test results in agri-food products,,Журнал
emdoc-0010-0421,350,Oziq-ovqat mahsulotlarini mikrobiologik tekshiruvlarini qayd etish jurnali,Журнал микробиологических исследований пищевых продуктов,Register of microbiological testing of food products,,,,350 Oziq-ovqat mahsulotlarini mikrobiologik tekshiruvlarini qayd etish jurnali,350 Журнал микробиологических исследований пищевых продуктов,350 Register of microbiological testing of food products,,Журнал
emdoc-0010-0422,351,Oziq-ovqat va kosmetika mahsulotlarini sanitariya-bakteriologik tekshirish bayonnomasi,Протокол санитарно-бактериологического исследования пищевых и косметических продуктов,Protocol of sanitary-bacteriological testing of food and cosmetic products,,,,351 Oziq-ovqat va kosmetika mahsulotlarini sanitariya-bakteriologik tekshirish bayonnomasi,351 Протокол санитарно-бактериологического исследования пищевых и косметических продуктов,351 Protocol of sanitary-bacteriological testing of food and cosmetic products,,Бланк
emdoc-0010-0423,352,Iste’mol uchun yaroqsiz deb topilgan oziq-ovqat mahsulotlarini savdoga chiqarishni taqiqlash qarorlarini ro‘yxatga olish jurnali,Журнал регистрации решений о запрете реализации непригодных к потреблению пищевых продуктов,Register of decisions banning sale of food deemed unfit for consumption,,,,352 Iste’mol uchun yaroqsiz deb topilgan oziq-ovqat mahsulotlarini savdoga chiqarishni taqiqlash qarorlarini ro‘yxatga olish jurnali,352 Журнал регистрации решений о запрете реализации непригодных к потреблению пищевых продуктов,352 Register of decisions banning sale of food deemed unfit for consumption,,Журнал
emdoc-0010-0424,353,Oziq-ovqat namunalarida spektrometrik o‘lchovlarni hisobga olish jurnali,Журнал учета спектрометрических измерений в пробах пищевых продуктов,Register of spectrometric measurements in food samples,,,,353 Oziq-ovqat namunalarida spektrometrik o‘lchovlarni hisobga olish jurnali,353 Журнал учета спектрометрических измерений в пробах пищевых продуктов,353 Register of spectrometric measurements in food samples,,Журнал
emdoc-0010-0425,354,Qurilish namunalarida spektrometrik o‘lchovlarni hisobga olish jurnali,Журнал учета спектрометрических измерений строительных материалов,Register of spectrometric measurements in construction samples,,,,354 Qurilish namunalarida spektrometrik o‘lchovlarni hisobga olish jurnali,354 Журнал учета спектрометрических измерений строительных материалов,354 Register of spectrometric measurements in construction samples,,Журнал
emdoc-0010-0426,355,Radiometrik oʻlchovlarni hisobga olish jurnali,Журнал учета радиометрических измерений,Register of radiometric measurements,,,,355 Radiometrik oʻlchovlarni hisobga olish jurnali,355 Журнал учета радиометрических измерений,355 Register of radiometric measurements,,Журнал
emdoc-0010-0427,356,Dozimetrik oʻlchov bayonnomasi,Протокол дозиметрических измерений,Protocol of dosimetric measurements,,,,356 Dozimetrik oʻlchov bayonnomasi,356 Протокол дозиметрических измерений,356 Protocol of dosimetric measurements,,Бланк
emdoc-0010-0428,357,Rentgen kabinetini foydalanishga qabul qilish dalolatnomasi,Акт приемки рентген-кабинета в эксплуатацию,Acceptance act for commissioning of X-ray room,,,,357 Rentgen kabinetini foydalanishga qabul qilish dalolatnomasi,357 Акт приемки рентген-кабинета в эксплуатацию,357 Acceptance act for commissioning of X-ray room,,Бланк
emdoc-0010-0429,358,Oʻtkazilgan radiometrik oʻlchov bayonnomasi,Протокол проведённых радиометрических измерений,Protocol of performed radiometric measurements,,,,358 Oʻtkazilgan radiometrik oʻlchov bayonnomasi,358 Протокол проведённых радиометрических измерений,358 Protocol of performed radiometric measurements,,Бланк
emdoc-0010-0430,359,Rentgen kabinetida nurlardan himoya vositalarini tekshirish bayonnomasi,Протокол проверки средств радиационной защиты в рентген-кабинете,Protocol for inspection of radiation protection in X-ray room,,,,359 Rentgen kabinetida nurlardan himoya vositalarini tekshirish bayonnomasi,359 Протокол проверки средств радиационной защиты в рентген-кабинете,359 Protocol for inspection of radiation protection in X-ray room,,Бланк
emdoc-0010-0431,360,Dozimetrik oʻlchovlarni hisobga olish jurnali,Журнал учета дозиметрических измерений,Register of dosimetric measurements,,,,360 Dozimetrik oʻlchovlarni hisobga olish jurnali,360 Журнал учета дозиметрических измерений,360 Register of dosimetric measurements,,Журнал
emdoc-0010-0432,361,Tadbirkorlik subyektining sanitariya-epidemiologik osoyishtalik belgisi,Знак санитарно-эпидемиологического благополучия субъекта предпринимательства,Sanitary-epidemiological compliance badge for business entity,,,,361 Tadbirkorlik subyektining sanitariya-epidemiologik osoyishtalik belgisi,361 Знак санитарно-эпидемиологического благополучия субъекта предпринимательства,361 Sanitary-epidemiological compliance badge for business entity,,Бланк
emdoc-0010-0433,362,Polimer va boshqa materiallardan olingan namunalarni toksikologik tekshiruvini roʻyxatga olish jurnali,Журнал регистрации токсикологических исследований образцов из полимерных и иных материалов,Register of toxicological testing of polymer and other material samples,,,,362 Polimer va boshqa materiallardan olingan namunalarni toksikologik tekshiruvini roʻyxatga olish jurnali,362 Журнал регистрации токсикологических исследований образцов из полимерных и иных материалов,362 Register of toxicological testing of polymer and other material samples,,Журнал
emdoc-0010-0434,363,Polimer va boshqa materiallardan tayyorlangan mahsulotlarni tekshirish bayonnomasi,Протокол исследования изделий из полимерных и иных материалов,Protocol of testing products made from polymers and other materials,,,,363 Polimer va boshqa materiallardan tayyorlangan mahsulotlarni tekshirish bayonnomasi,363 Протокол исследования изделий из полимерных и иных материалов,363 Protocol of testing products made from polymers and other materials,,Бланк
emdoc-0010-0435,364,Toksikologik tekshiruvlarni roʻyxatga olish jurnali,Журнал регистрации токсикологических исследований,Register of toxicological examinations,,,,364 Toksikologik tekshiruvlarni roʻyxatga olish jurnali,364 Журнал регистрации токсикологических исследований,364 Register of toxicological examinations,,Журнал
emdoc-0010-0436,365,Virusologik tekshiruvlarni qayd etish jurnali,Журнал регистрации вирусологических исследований,Register of virological examinations,,,,365 Virusologik tekshiruvlarni qayd etish jurnali,365 Журнал регистрации вирусологических исследований,365 Register of virological examinations,,Журнал
emdoc-0010-0437,366,Sanitariya-virusologik nazoratni ro‘yxatga olish va natijalarini qayd etish jurnali,Журнал регистрации и результатов санитарно-вирусологического контроля,Register of sanitary-virological control and results,,,,366 Sanitariya-virusologik nazoratni ro‘yxatga olish va natijalarini qayd etish jurnali,366 Журнал регистрации и результатов санитарно-вирусологического контроля,366 Register of sanitary-virological control and results,,Журнал
emdoc-0010-0438,367,Dori-darmonlar va dorixona idishlarini mikrobiologik tekshirishni qayd etish jurnali,Журнал микробиологического контроля лекарств и аптечной тары,Register of microbiological testing of medicines and pharmacy containers,,,,367 Dori-darmonlar va dorixona idishlarini mikrobiologik tekshirishni qayd etish jurnali,367 Журнал микробиологического контроля лекарств и аптечной тары,367 Register of microbiological testing of medicines and pharmacy containers,,Журнал
emdoc-0010-0439,368,Konservalarni mikrobiologik tekshirish jurnali,Журнал микробиологического исследования консервов,Register of microbiological testing of canned foods,,,,368 Konservalarni mikrobiologik tekshirish jurnali,368 Журнал микробиологического исследования консервов,368 Register of microbiological testing of canned foods,,Журнал
emdoc-0010-0440,369,Serologik tekshiruvlarni qayd etish jurnali,Журнал регистрации серологических исследований,Register of serological examinations,,,,369 Serologik tekshiruvlarni qayd etish jurnali,369 Журнал регистрации серологических исследований,369 Register of serological examinations,,Журнал
emdoc-0010-0441,370,Namunalarni sanitariya-bakteriologik tekshirish bayonnomasi,Протокол санитарно-бактериологического исследования проб,Protocol of sanitary-bacteriological testing of samples,,,,370 Namunalarni sanitariya-bakteriologik tekshirish bayonnomasi,370 Протокол санитарно-бактериологического исследования проб,370 Protocol of sanitary-bacteriological testing of samples,,Бланк
emdoc-0010-0442,371,Bo‘g‘ma kasalligini mikrobiologik tekshirish,Микробиологическое исследование на дифтерию,Microbiological examination for diphtheria,,,,371 Bo‘g‘ma kasalligini mikrobiologik tekshirish,371 Микробиологическое исследование на дифтерию,371 Microbiological examination for diphtheria,,Бланк
emdoc-0010-0443,372,Ko‘kyo‘talni mikrobiologik tekshirish,Микробиологическое исследование на коклюш,Microbiological examination for whooping cough,,,,372 Ko‘kyo‘talni mikrobiologik tekshirish,372 Микробиологическое исследование на коклюш,372 Microbiological examination for whooping cough,,Бланк
emdoc-0010-0444,373,Meningokokklarni mikrobiologik tekshirish,Микробиологическое исследование менингококков,Microbiological examination of meningococci,,,,373 Meningokokklarni mikrobiologik tekshirish,373 Микробиологическое исследование менингококков,373 Microbiological examination of meningococci,,Бланк
emdoc-0010-0445,374,Patogen stafilokokk tashuvchanligini tekshirish,Исследование на носительство патогенного стафилококка,Examination for carriage of pathogenic staphylococcus,,,,374 Patogen stafilokokk tashuvchanligini tekshirish,374 Исследование на носительство патогенного стафилококка,374 Examination for carriage of pathogenic staphylococcus,,Бланк
emdoc-0010-0446,375,Xirurgik materiallarni sterillikka tekshirish,Исследование хирургических материалов на стерильность,Sterility testing of surgical materials,,,,375 Xirurgik materiallarni sterillikka tekshirish,375 Исследование хирургических материалов на стерильность,375 Sterility testing of surgical materials,,Бланк
emdoc-0010-0447,376,Qonni sterillikka tekshirishni qayd etish jurnali,Журнал регистрации исследований крови на стерильность,Register of blood sterility testing,,,,376 Qonni sterillikka tekshirishni qayd etish jurnali,376 Журнал регистрации исследований крови на стерильность,376 Register of blood sterility testing,,Журнал
emdoc-0010-0448,377,Tashqi muhit anjomlaridan olingan surtma namunalarini tekshirish bayonnomasi,Протокол исследования смывов с объектов внешней среды,Protocol of environmental swab testing,,,,377 Tashqi muhit anjomlaridan olingan surtma namunalarini tekshirish bayonnomasi,377 Протокол исследования смывов с объектов внешней среды,377 Protocol of environmental swab testing,,Бланк
emdoc-0010-0449,378,Surtmalarda o‘tkazilgan mikrobiologik tekshiruvlarni qayd etish jurnali,Журнал микробиологических исследований смывов,Register of microbiological testing of swabs,,,,378 Surtmalarda o‘tkazilgan mikrobiologik tekshiruvlarni qayd etish jurnali,378 Журнал микробиологических исследований смывов,378 Register of microbiological testing of swabs,,Журнал
emdoc-0010-0450,379,Qon so‘ruvchi bo‘g‘imoyoqlilarga qarshi dezinseksiya ishlarini hisobga olish jurnali,Журнал учета работ по борьбе с кровососущими членистоногими,Register of control measures against blood-sucking arthropods,,,,379 Qon so‘ruvchi bo‘g‘imoyoqlilarga qarshi dezinseksiya ishlarini hisobga olish jurnali,379 Журнал учета работ по борьбе с кровососущими членистоногими,379 Register of control measures against blood-sucking arthropods,,Журнал
emdoc-0010-0451,380,Entomofauna va kanalar bo‘yicha fenologik kuzatuvlarni hisobga olish,Учет основных фенологических наблюдений энтомофауны и клещей,Register of phenological observations of entomofauna and ticks,,,,380 Entomofauna va kanalar bo‘yicha fenologik kuzatuvlarni hisobga olish,380 Учет основных фенологических наблюдений энтомофауны и клещей,380 Register of phenological observations of entomofauna and ticks,,Журнал
emdoc-0010-0452,381,Entomofauna va kanalar sonining mavsumiy o‘zgarishini hisobga olish,Учет сезонной численности энтомофауны и клещей,Register of seasonal population dynamics of entomofauna and ticks,,,,381 Entomofauna va kanalar sonining mavsumiy o‘zgarishini hisobga olish,381 Учет сезонной численности энтомофауны и клещей,381 Register of seasonal population dynamics of entomofauna and ticks,,Журнал
emdoc-0010-0453,382,Jamlama bildirishnoma bo‘g‘imoyoqlilar mavsumiy tur tarkibi,Сводная ведомость сезонного видового состава членистоногих,Consolidated report on seasonal species composition of arthropods,,,,382 Jamlama bildirishnoma bo‘g‘imoyoqlilar mavsumiy tur tarkibi,382 Сводная ведомость сезонного видового состава членистоногих,382 Consolidated report on seasonal species composition of arthropods,,Журнал
emdoc-0010-0454,383,Sanitariya-gelmintologik tekshiruvlarni ro‘yxatga olish jurnali,Журнал регистрации санитарно-гельминтологических исследований,Register of sanitary-helminthological examinations,,,,383 Sanitariya-gelmintologik tekshiruvlarni ro‘yxatga olish jurnali,383 Журнал регистрации санитарно-гельминтологических исследований,383 Register of sanitary-helminthological examinations,,Журнал
emdoc-0010-0455,384,Bezgak va kanali qaytalama tif bo‘yicha musbat qon preparatlarini nazorat tekshiruvini qayd etish jurnali,Журнал контрольной проверки положительных препаратов крови при малярии и клещевом возвратном тифе,Register of control review of positive blood smears for malaria and tick-borne relapsing fever,,,,384 Bezgak va kanali qaytalama tif bo‘yicha musbat qon preparatlarini nazorat tekshiruvini qayd etish jurnali,384 Журнал контрольной проверки положительных препаратов крови при малярии и клещевом возвратном тифе,384 Register of control review of positive blood smears for malaria and tick-borne relapsing fever,,Журнал
emdoc-0010-0456,385,Bezgak va kanali qaytalama tif bo‘yicha manfiy qon preparatlarini nazorat tekshiruvini qayd etish jurnali,Журнал контрольной проверки отрицательных препаратов крови при малярии и клещевом возвратном тифе,Register of control review of negative blood smears for malaria and tick-borne relapsing fever,,,,385 Bezgak va kanali qaytalama tif bo‘yicha manfiy qon preparatlarini nazorat tekshiruvini qayd etish jurnali,385 Журнал контрольной проверки отрицательных препаратов крови при малярии и клещевом возвратном тифе,385 Register of control review of negative blood smears for malaria and tick-borne relapsing fever,,Журнал
emdoc-0010-0457,386,Bezgak va kanali qaytalama tifga tekshiruvlarni ro‘yxatga olish jurnali,Журнал регистрации исследований на малярию и клещевой возвратный тиф,Register of testing for malaria and tick-borne relapsing fever,,,,386 Bezgak va kanali qaytalama tifga tekshiruvlarni ro‘yxatga olish jurnali,386 Журнал регистрации исследований на малярию и клещевой возвратный тиф,386 Register of testing for malaria and tick-borne relapsing fever,,Журнал
emdoc-0010-0458,387,Tashqi muhit anjomlaridan sanitariya-gelmintologik surtma olish dalolatnomasi,Акт отбора санитарно-гельминтологических смывов с объектов внешней среды,Act of sanitary-helminthological swab sampling from environmental objects,,,,387 Tashqi muhit anjomlaridan sanitariya-gelmintologik surtma olish dalolatnomasi,387 Акт отбора санитарно-гельминтологических смывов с объектов внешней среды,387 Act of sanitary-helminthological swab sampling from environmental objects,,Бланк
emdoc-0010-0459,388,Aholi punktlarini ekstensiv tekshirishda aniqlangan bo‘g‘imoyoqlilar sonini hisobga olish jurnali,Журнал учета численности членистоногих при экстенсивном обследовании населённых пунктов,Register of arthropod counts from extensive surveys of settlements,,,,388 Aholi punktlarini ekstensiv tekshirishda aniqlangan bo‘g‘imoyoqlilar sonini hisobga olish jurnali,388 Журнал учета численности членистоногих при экстенсивном обследовании населённых пунктов,388 Register of arthropod counts from extensive surveys of settlements,,Журнал
emdoc-0010-0460,389,Dezinfeksiyalovchi kameraga kuzatuvchi (hamroh) xat,Сопроводительное письмо к дезинфекционной камере,Accompanying letter to disinfection chamber,,,,389 Dezinfeksiyalovchi kameraga kuzatuvchi (hamroh) xat,389 Сопроводительное письмо к дезинфекционной камере,389 Accompanying letter to disinfection chamber,,Бланк
emdoc-0010-0461,390,Yakunlovchi dezinfeksiya o‘tkazish uchun naryad,Наряд на проведение заключительной дезинфекции,Work order for final disinfection,,,,390 Yakunlovchi dezinfeksiya o‘tkazish uchun naryad,390 Наряд на проведение заключительной дезинфекции,390 Work order for final disinfection,,Бланк
emdoc-0010-0462,391,Naryad bo‘yicha o‘tkazilgan dezinfeksiya haqida ma’lumotnoma,Справка о выполненной по наряду дезинфекции,Certificate on disinfection performed under work order,,,,391 Naryad bo‘yicha o‘tkazilgan dezinfeksiya haqida ma’lumotnoma,391 Справка о выполненной по наряду дезинфекции,391 Certificate on disinfection performed under work order,,Бланк
emdoc-0010-0463,392,Dezinfeksiyalovchi kameraga kuzatuvchi (hamroh) xat (ikkinchi бланк),Сопроводительное письмо к дезинфекционной камере (форма-дубликат),Accompanying letter to disinfection chamber (duplicate form),,,,392 Dezinfeksiyalovchi kameraga kuzatuvchi (hamroh) xat (ikkinchi бланк),392 Сопроводительное письмо к дезинфекционной камере (форма-дубликат),392 Accompanying letter to disinfection chamber (duplicate form),,Бланк
emdoc-0010-0464,393,Kasallik o‘chog‘ida joriy dezinfeksiya nazorati kartasi,Карта контроля текущей дезинфекции в очаге инфекции,Control card for current disinfection in infectious focus,,,,393 Kasallik o‘chog‘ida joriy dezinfeksiya nazorati kartasi,393 Карта контроля текущей дезинфекции в очаге инфекции,393 Control card for current disinfection in infectious focus,,Бланк
emdoc-0010-0465,394,Dezinfeksiya vositalarini tekshirish bayonnomasi,Протокол проверки дезинфицирующих средств,Protocol for testing disinfectants,,,,394 Dezinfeksiya vositalarini tekshirish bayonnomasi,394 Протокол проверки дезинфицирующих средств,394 Protocol for testing disinfectants,,Бланк
emdoc-0010-0466,395,Dezinfeksiya sifatini laboratoriya usulida nazorat qilishni ro‘yxatga olish jurnali,Журнал регистрации лабораторного контроля качества дезинфекции,Register of laboratory quality control of disinfection,,,,395 Dezinfeksiya sifatini laboratoriya usulida nazorat qilishni ro‘yxatga olish jurnali,395 Журнал регистрации лабораторного контроля качества дезинфекции,395 Register of laboratory quality control of disinfection,,Журнал
emdoc-0010-0467,396,Dezinseksiya o‘tkazish uchun naryad,Наряд на проведение дезинсекции,Work order for disinsection,,,,396 Dezinseksiya o‘tkazish uchun naryad,396 Наряд на проведение дезинсекции,396 Work order for disinsection,,Бланк
emdoc-0010-0468,397,Dezinfeksiyalovchi moddalarni bakteritsid xususiyatlarini to‘qimali test-obyektlarda sinash natijalarini qayd etish jurnali,Журнал учета результатов испытаний бактерицидных свойств дезинфицирующих средств на тканевых тест-объектах,Register of test results of bactericidal properties of disinfectants on tissue test objects,,,,397 Dezinfeksiyalovchi moddalarni bakteritsid xususiyatlarini to‘qimali test-obyektlarda sinash natijalarini qayd etish jurnali,397 Журнал учета результатов испытаний бактерицидных свойств дезинфицирующих средств на тканевых тест-объектах,397 Register of test results of bactericidal properties of disinfectants on tissue test objects,,Журнал
emdoc-0010-0469,398,Sil kasalligi o‘chog‘ida epidemiologik surishtiruv va kuzatuv kartasi,Карта эпидемиологического расследования и наблюдения в очаге туберкулёза,Epidemiological investigation and surveillance card for tuberculosis focus,,,,398 Sil kasalligi o‘chog‘ida epidemiologik surishtiruv va kuzatuv kartasi,398 Карта эпидемиологического расследования и наблюдения в очаге туберкулёза,398 Epidemiological investigation and surveillance card for tuberculosis focus,,Бланк
emdoc-0010-0470,399,O‘zR SSV KUXYuKMM tomonidan ajratilgan o‘lat kulturasi to‘g‘risida xabarnoma,Уведомление о выделенной культуре возбудителя чумы КУХЮКММ Минздрава РУз,Notification on isolated culture of plague pathogen by MoH RUz,,,,399 O‘zR SSV KUXYuKMM tomonidan ajratilgan o‘lat kulturasi to‘g‘risida xabarnoma,399 Уведомление о выделенной культуре возбудителя чумы КУХЮКММ Минздрава РУз,399 Notification on isolated culture of plague pathogen by MoH RUz,,Бланк